Created on 06/20/2018,http://www.CryptoDataDownload.com
Date,Symbol,Open,High/2018,Low,Close,Volume From,Volume To
06/20/2018,LTCUSD,98.61,98.94,95.24,97.84,3688.02,356180.46
06/19/2018,LTCUSD,98.78,101.52,96.98,98.61,6592.21,650823.09
06/18/2018,LTCUSD,94.93,99.92,93.11,98.78,9995.23,964651.22
06/17/2018,LTCUSD,97.26,97.98,94.55,94.93,3442.86,332690.98
06/16/2018,LTCUSD,95.45,97.41,92.79,97.26,7682.78,737125.53
06/15/2018,LTCUSD,100.89,100.91,94.76,95.45,7811.77,764297.46
06/14/2018,LTCUSD,93.74,102.88,92.56,100.89,11514.43,1123661.69
06/13/2018,LTCUSD,99.94,100.1,88.69,93.74,21885.11,2044163.77
06/12/2018,LTCUSD,107.07,108,97.46,99.94,13852.74,1414132.58
06/11/2018,LTCUSD,106.35,108.5,103,107.07,16892.39,1783599.8
06/10/2018,LTCUSD,117.29,117.29,102.87,106.35,25975.18,2820383.96
06/09/2018,LTCUSD,119.94,120.81,116.41,117.29,4817.34,572532.65
06/08/2018,LTCUSD,121.27,122.06,118.27,119.94,3744.32,448003.75
06/07/2018,LTCUSD,121.34,123.38,119.16,121.27,5985.68,726957.76
06/06/2018,LTCUSD,122,122.73,118.33,121.34,6102.14,738427.89
06/05/2018,LTCUSD,119.66,122.33,116.02,122,7897.95,940385.28
06/04/2018,LTCUSD,125.2,126.77,118,119.66,8742.21,1056882.81
06/03/2018,LTCUSD,123.33,127.9,122.21,125.2,9749.57,1227485.92
06/02/2018,LTCUSD,119.76,124.52,118.62,123.33,7805.58,952894.53
06/01/2018,LTCUSD,118.18,120.25,116.68,119.76,6530.34,774954.51
05/31/2018,LTCUSD,117.2,120.99,116.12,118.18,6031.79,717430.13
05/30/2018,LTCUSD,119.27,122.63,114.98,117.2,10163.6,1200406.24
05/29/2018,LTCUSD,111.11,122.7,109.35,119.27,11819.54,1383415.95
05/28/2018,LTCUSD,117.71,119.06,110.22,111.11,13726.9,1559587.06
05/27/2018,LTCUSD,118.2,118.67,116.28,117.71,3999.62,468663.03
05/26/2018,LTCUSD,119,122.38,117.46,118.2,2284.81,274693.64
05/25/2018,LTCUSD,122.65,124.21,117.01,119,6023.22,722319.85
05/24/2018,LTCUSD,118.61,124.65,114.94,122.65,9236.97,1106424.59
05/23/2018,LTCUSD,128.24,129.17,116.12,118.61,15596.3,1895299.15
05/22/2018,LTCUSD,134.18,136.08,126.94,128.24,5025.12,661445.38
05/21/2018,LTCUSD,140.1,140.1,133.27,134.18,4762.87,648042.92
05/20/2018,LTCUSD,135.11,141.01,132.5,140.1,7093.14,984508.09
05/19/2018,LTCUSD,135.97,137.73,133.1,135.11,4071.78,551489.57
05/18/2018,LTCUSD,132.08,137.71,128.89,135.97,14573.83,1930395.03
05/17/2018,LTCUSD,139.2,141.32,131.37,132.08,10613.48,1450341.89
05/16/2018,LTCUSD,139.19,140.81,134.34,139.2,10913.35,1497873.13
05/15/2018,LTCUSD,147.45,149.61,137.51,139.19,9940.55,1424813.09
05/14/2018,LTCUSD,144.31,153.12,134.64,147.45,27717.21,4043019.8
05/13/2018,LTCUSD,141.47,146.76,136.42,144.31,8157.66,1159797.3
05/12/2018,LTCUSD,135.86,144.46,131.3,141.47,12569.27,1743952.01
05/11/2018,LTCUSD,148.18,148.41,133.2,135.86,28250.97,3997454.76
05/10/2018,LTCUSD,156.45,160.49,147.67,148.18,10149.47,1562586.39
05/09/2018,LTCUSD,158.8,160.22,150.98,156.45,12365.24,1926293.31
05/08/2018,LTCUSD,164.43,168.46,156.9,158.8,20298.2,3256953.04
05/07/2018,LTCUSD,171.56,171.7,157.55,164.43,29249.19,4793674.19
05/06/2018,LTCUSD,177.56,183.57,165.05,171.56,19335.14,3318911.78
05/05/2018,LTCUSD,169,183.01,167.85,177.56,25392.51,4455114.79
05/04/2018,LTCUSD,161.39,171.84,157.97,169,25599.32,4166969.7
05/03/2018,LTCUSD,151.5,164.89,150.43,161.39,26010.36,4117082.42
05/02/2018,LTCUSD,148.34,153.94,146.18,151.5,9189.76,1366746.53
05/01/2018,LTCUSD,148.38,148.87,143.22,148.34,23171.55,3364339.21
04/30/2018,LTCUSD,153.44,154.49,146.82,148.38,10963.31,1647669.25
04/29/2018,LTCUSD,151.62,156.19,147.94,153.44,11984.23,1824847.72
04/28/2018,LTCUSD,146.02,153.5,145,151.62,18574.93,2788948.17
04/27/2018,LTCUSD,153.3,153.83,145.03,146.02,14445.38,2167961.03
04/26/2018,LTCUSD,144.63,154.48,141.96,153.3,12963.57,1895397.23
04/25/2018,LTCUSD,165.27,165.27,142.66,144.63,46810.55,7076659.93
04/24/2018,LTCUSD,152.59,166.21,152.59,165.27,28940.94,4679650.84
04/23/2018,LTCUSD,146.72,153.86,146.64,152.59,12714.31,1924105.28
04/22/2018,LTCUSD,148.97,153.75,144.99,146.72,13930.68,2084070.97
04/21/2018,LTCUSD,155.55,157.05,141.4,148.97,21867.48,3262644.21
04/20/2018,LTCUSD,146.53,156.6,143.25,155.55,29393.62,4408750.8
04/19/2018,LTCUSD,140.21,147.63,138.82,146.53,14437.78,2056446.97
04/18/2018,LTCUSD,132.59,141.63,131.91,140.21,15679.12,2149007.21
04/17/2018,LTCUSD,128.78,140.12,128.73,132.59,25242.02,3411457.79
04/16/2018,LTCUSD,132.84,133.29,125.15,128.78,15778.83,2015262.81
04/15/2018,LTCUSD,126.13,134.68,126.13,132.84,14417.62,1888261.05
04/14/2018,LTCUSD,125.21,130,124.58,126.13,11285.7,1433474.14
04/13/2018,LTCUSD,129.9,133.73,124,125.21,33605.5,4338426.47
04/12/2018,LTCUSD,117.97,130.89,113.12,129.9,41789.68,5069007.16
04/11/2018,LTCUSD,113.96,119.76,113.1,117.97,10230.58,1179322.48
04/10/2018,LTCUSD,114.85,115.04,111.55,113.96,7550.53,855728.01
04/09/2018,LTCUSD,117.75,122.78,112.69,114.85,17769.29,2075710.06
04/08/2018,LTCUSD,115.97,118.37,114.95,117.75,7906.01,922843.53
04/07/2018,LTCUSD,112.79,119.85,112.69,115.97,13624.46,1599757.28
04/06/2018,LTCUSD,118.39,120.11,111.63,112.79,16532.94,1884112.07
04/05/2018,LTCUSD,118.29,122,113.15,118.39,21441.77,2535330.12
04/04/2018,LTCUSD,133.87,134.64,115.07,118.29,33020.11,4040560.56
04/03/2018,LTCUSD,118.89,159.65,117.99,133.87,32880.49,4219848.39
04/02/2018,LTCUSD,115,122,114.25,118.89,20008.33,2387800.09
04/01/2018,LTCUSD,115.84,117.59,109.33,115,17292.63,1954119.17
03/31/2018,LTCUSD,118.07,124.41,115.17,115.84,16711.09,2002644.79
03/30/2018,LTCUSD,114.4,125.94,109,118.07,32879.69,3837519.72
03/29/2018,LTCUSD,131.54,132.35,112.02,114.4,54555.97,6532065.72
03/28/2018,LTCUSD,134.62,139.64,130.11,131.54,19283.44,2586430.4
03/27/2018,LTCUSD,148.1,149.32,134.62,134.62,33828.37,4752438.19
03/26/2018,LTCUSD,160.17,160.7,141.7,148.1,30355.65,4510867.48
03/25/2018,LTCUSD,158.29,162.92,157.13,160.17,7333.71,1171249.15
03/24/2018,LTCUSD,168.82,169.8,158.29,158.29,9777.33,1610205.23
03/23/2018,LTCUSD,163.34,168.82,156.67,168.82,14089.8,2263849.51
03/22/2018,LTCUSD,168.67,172.34,159.49,163.34,17496.95,2892217.83
03/21/2018,LTCUSD,168.73,175.17,165.45,168.67,22325.92,3815180.23
03/20/2018,LTCUSD,161.23,173.37,155.31,168.73,24261.21,3978213.29
03/19/2018,LTCUSD,153.24,163.81,150.62,161.23,23919.13,3750479.06
03/18/2018,LTCUSD,152.24,156.8,137.01,153.24,42569.56,6184326.54
03/17/2018,LTCUSD,164.65,165.35,150.4,152.24,19835.85,3135116.97
03/16/2018,LTCUSD,163.48,171.72,157.82,164.65,16169.0,2663348.26
03/15/2018,LTCUSD,160.24,167.35,150,163.48,31169.61,4959723.5
03/14/2018,LTCUSD,175.35,177.72,156.18,160.24,25114.02,4134222.55
03/13/2018,LTCUSD,177.68,182,171,175.35,18474.5,3248851.74
03/12/2018,LTCUSD,188.36,193,173.81,177.68,23045.87,4213649.97
03/11/2018,LTCUSD,176.47,193.81,170.6,188.36,37137.0,6773677.2
03/10/2018,LTCUSD,185.99,195.2,174.31,176.47,20651.77,3837068.21
03/09/2018,LTCUSD,175.35,190,159.11,185.99,56396.19,9810107.78
03/08/2018,LTCUSD,185.45,189,174.5,175.35,33828.48,6081803.47
03/07/2018,LTCUSD,195.54,199.75,174.3,185.45,38705.98,7160778.41
03/06/2018,LTCUSD,210.5,210.5,191.79,195.54,20140.51,4051425.12
03/05/2018,LTCUSD,213.7,216.4,208.25,210.5,10101.16,2147134.2
03/04/2018,LTCUSD,209.81,215.42,204.62,213.7,13230.82,2768926.79
03/03/2018,LTCUSD,212.31,218.1,208.72,209.81,18751.24,4029395.46
03/02/2018,LTCUSD,209.05,213.77,203.95,212.31,10603.37,2201401.9
03/01/2018,LTCUSD,201.84,215.5,200.3,209.05,21956.6,4583161.92
02/28/2018,LTCUSD,215,223.99,201.03,201.84,19210.74,4068447.87
02/27/2018,LTCUSD,218.78,223.75,212.15,215,21771.18,4733712.6
02/26/2018,LTCUSD,218.27,262,214.5,218.78,63952.68,14337698.79
02/25/2018,LTCUSD,206.34,223.28,200.01,218.27,41945.19,8861330.11
02/24/2018,LTCUSD,207.13,218.52,194.67,206.34,37112.6,7610869.55
02/23/2018,LTCUSD,193.24,215.72,182,207.13,45511.88,9066666.1
02/22/2018,LTCUSD,210.36,222.59,188.03,193.24,45199.18,9198462.07
02/21/2018,LTCUSD,228.73,232.56,205.01,210.36,51627.15,11183182.05
02/20/2018,LTCUSD,222.68,252.63,221.09,228.73,65585.95,15648675.37
02/19/2018,LTCUSD,214.3,226.99,214.2,222.68,16169.29,3607511.36
02/18/2018,LTCUSD,229.96,232,212.48,214.3,30656.01,6849507.05
02/17/2018,LTCUSD,228.88,234,225,229.96,21191.0,4850083.72
02/16/2018,LTCUSD,222.07,236.9,210.01,228.88,45253.9,10113060.67
02/15/2018,LTCUSD,212.79,236.86,207.64,222.07,79097.66,17668825.05
02/14/2018,LTCUSD,158.82,220.79,158.82,212.79,98106.8,18996868.55
02/13/2018,LTCUSD,161.64,162.31,152.76,158.82,11610.51,1828110.72
02/12/2018,LTCUSD,148.4,163.67,148.4,161.64,24911.0,3951477.75
02/11/2018,LTCUSD,154.51,155.79,140.75,148.4,21879.2,3249998.82
02/10/2018,LTCUSD,164.83,169.54,147.01,154.51,32073.33,5140008.38
02/09/2018,LTCUSD,149.5,164.83,141.9,164.83,26454.92,4054724.54
02/08/2018,LTCUSD,137.5,151,137.3,149.5,32701.84,4777817.35
02/07/2018,LTCUSD,141.91,159.49,129.94,137.5,67374.38,9816272.93
02/06/2018,LTCUSD,122.6,148,103.02,141.91,117737.23,14369535.93
02/05/2018,LTCUSD,147.07,154.9,115.5,122.6,110517.3,14707443.15
02/04/2018,LTCUSD,160.7,174.4,135.88,147.07,76634.04,11890052.63
02/03/2018,LTCUSD,131.08,165.4,117.97,160.7,45712.26,6632750.62
02/02/2018,LTCUSD,140.84,147,101,131.08,64977.72,8117032.45
02/01/2018,LTCUSD,162.3,164.87,127,140.84,48969.69,7125792.18
01/31/2018,LTCUSD,163.63,166,155,162.3,22457.69,3601043.04
01/30/2018,LTCUSD,180.26,180.67,160,163.63,29902.27,5064375.82
01/29/2018,LTCUSD,192.16,193.05,177.79,180.26,14508.9,2645738.96
01/28/2018,LTCUSD,180.2,193.65,180,192.16,19470.87,3633183.93
01/27/2018,LTCUSD,175.39,184.07,173.68,180.2,18099.33,3252337.82
01/26/2018,LTCUSD,179.05,182.7,165.37,175.39,21551.26,3743056.91
01/25/2018,LTCUSD,180.99,185,175,179.05,17826.93,3217852.34
01/24/2018,LTCUSD,177.32,186.13,173,180.99,20442.67,3662104.25
01/23/2018,LTCUSD,180.01,187.39,165.25,177.32,26835.97,4749379.97
01/22/2018,LTCUSD,190.93,195.85,165.1,180.01,32850.56,5935275.85
01/21/2018,LTCUSD,211.75,211.75,182.81,190.93,20428.99,3965586.09
01/20/2018,LTCUSD,194.41,216.6,194.41,211.75,37150.05,7681705.12
01/19/2018,LTCUSD,192.67,203.92,187.77,194.41,28380.42,5541658.87
01/18/2018,LTCUSD,187.5,210,177.06,192.67,48080.11,9317778.14
01/17/2018,LTCUSD,190.73,204.98,137.86,187.5,90762.15,15855831.53
01/16/2018,LTCUSD,231.55,232.75,150.4,190.73,80692.95,15753615.6
01/15/2018,LTCUSD,239,247.48,231.01,231.55,22148.71,5305699.3
01/14/2018,LTCUSD,261.85,280,232,239,39133.22,9741617.7
01/13/2018,LTCUSD,230.68,230.68,230.68,230.68,0.0,0.0
01/12/2018,LTCUSD,230.68,230.68,230.68,230.68,0.0,0.0
01/11/2018,LTCUSD,251.83,254,216.02,230.68,10993.65,2545432.07
01/10/2018,LTCUSD,246.85,254.97,231.75,251.83,17473.4,4223415.56
01/09/2018,LTCUSD,254.96,290,239,246.85,17489.29,4433632.18
01/08/2018,LTCUSD,266.55,271.45,226,254.96,19934.5,5087777.42
01/07/2018,LTCUSD,280.53,286.76,252.4,266.55,13619.89,3766862.82
01/06/2018,LTCUSD,240.45,305,240,280.53,43481.76,12213921.87
01/05/2018,LTCUSD,240,260,236,240.45,22357.57,5466043.86
01/04/2018,LTCUSD,243,246.92,225,240,27422.8,6469641.15
01/03/2018,LTCUSD,254.6,261.49,240.51,243,18211.22,4554847.98
01/02/2018,LTCUSD,225.63,265,225.01,254.6,22425.44,5549587.31
01/01/2018,LTCUSD,230.3,237.77,217.87,225.63,14788.13,3363757.17
12/31/2017,LTCUSD,212.12,236,207.13,230.3,13244.65,2921539.22
12/30/2017,LTCUSD,240.08,242.78,202.2,212.12,31215.25,6893588.39
12/29/2017,LTCUSD,249.45,283,225,242.41,28507.9,7098674.89
12/28/2017,LTCUSD,264.87,266.87,220,249.45,22203.91,5427711.1
12/27/2017,LTCUSD,279.81,286.76,251.26,264.87,16301.22,4423588.59
12/26/2017,LTCUSD,265.89,285,263.06,279.81,13444.93,3735438.14
12/25/2017,LTCUSD,264.89,282.32,258.78,265.89,10462.73,2831915.06
12/24/2017,LTCUSD,276.72,292.75,240,264.89,19523.43,5095153.7
12/23/2017,LTCUSD,258.63,310,253.19,276.72,32678.33,9274575.88
12/22/2017,LTCUSD,297.14,302.69,195,258.63,48266.49,12215745.49
12/21/2017,LTCUSD,298,320,275,297.14,28994.37,8671359.31
12/20/2017,LTCUSD,341.64,344.56,285,298,38278.67,11952167.22
12/19/2017,LTCUSD,353.65,369,310,341.64,28528.8,9937043.13
12/18/2017,LTCUSD,312.78,360.94,300,353.65,28832.42,9347474.82
12/17/2017,LTCUSD,296.17,325.48,296.17,312.78,24810.27,7747999.84
12/16/2017,LTCUSD,299,307.91,285,296.17,18322.85,5466312.43
12/15/2017,LTCUSD,271.94,313.91,250,299,39932.17,11207987.71
12/14/2017,LTCUSD,294.61,307.13,262.5,271.94,30772.96,8782970.39
12/13/2017,LTCUSD,290.54,329,260,294.61,48793.74,14657498.16
12/12/2017,LTCUSD,210.69,349,200.5,290.54,103023.33,27965016.25
12/11/2017,LTCUSD,144.39,219.99,143.16,210.69,93118.84,17276278.26
12/10/2017,LTCUSD,148.49,155.99,125.56,144.39,38281.86,5489186.45
12/09/2017,LTCUSD,119.84,168,119.84,148.49,64549.37,9324134.81
12/08/2017,LTCUSD,92.98,125.5,90.5,119.84,73645.58,8177764.59
12/07/2017,LTCUSD,97.87,100,90.1,92.98,32689.9,3128565.56
12/06/2017,LTCUSD,101,103.45,96.01,97.87,24037.48,2421847.41
12/05/2017,LTCUSD,103.1,104,100.33,101,17732.29,1812082.61
12/04/2017,LTCUSD,100.43,103.22,98.3,103.1,15292.61,1535187.55
12/03/2017,LTCUSD,98.76,104,98.01,100.43,23562.51,2379280.4
12/02/2017,LTCUSD,97.43,102.78,97,98.76,31367.42,3120111.63
12/01/2017,LTCUSD,87.59,100,82,97.43,45945.72,4220712.4
11/30/2017,LTCUSD,83.95,91.99,78.21,87.59,43497.4,3717449.65
11/29/2017,LTCUSD,92.87,102.49,70.02,83.95,82094.38,7662657.73
11/28/2017,LTCUSD,89.84,93.68,88,92.87,31573.07,2874713.77
11/27/2017,LTCUSD,84.01,90.3,83.75,89.84,28980.98,2550127.46
11/26/2017,LTCUSD,87.16,88.34,81,84.01,29751.1,2528612.42
11/25/2017,LTCUSD,75.99,88.38,75.67,87.16,45336.18,3682681.62
11/24/2017,LTCUSD,73.01,76,71.01,75.66,29815.34,2203432.55
11/23/2017,LTCUSD,71.88,75.78,70.21,73.01,39360.28,2900903.13
11/22/2017,LTCUSD,70.19,71.99,69.21,71.88,19661.32,1393697.76
11/21/2017,LTCUSD,72,72.5,67,70.19,32185.27,2268441.69
11/20/2017,LTCUSD,71.08,73.05,70.53,72,36398.38,2615625.53
11/19/2017,LTCUSD,69.5,73,68.21,71.08,24014.73,1691385.59
11/18/2017,LTCUSD,67.75,69.59,65.06,69.5,19089.03,1282994.53
11/17/2017,LTCUSD,70,70,64.01,67.75,33486.2,2265035.88
11/16/2017,LTCUSD,63.26,74.7,62,70,48308.69,3163673.53
11/15/2017,LTCUSD,63.22,64.8,62.49,63.26,30859.85,1965215.99
11/14/2017,LTCUSD,61.03,65,60.94,63.22,28032.75,1754148.15
11/13/2017,LTCUSD,58.1,62.6,57.71,61.03,35834.54,2161561.5
11/12/2017,LTCUSD,61.88,62.23,56.61,58.1,44012.93,2589769.98
11/11/2017,LTCUSD,58.8,63.99,56,61.88,47608.17,2894541.83
11/10/2017,LTCUSD,64.24,65.9,55.78,58.8,53729.12,3297154.46
11/09/2017,LTCUSD,62.16,66.95,61.81,64.24,47142.33,3016840.22
11/08/2017,LTCUSD,60.6,63.93,59.73,62.16,67766.73,4153519.9
11/07/2017,LTCUSD,54.61,63.5,54.3,60.6,93135.05,5341354.56
11/06/2017,LTCUSD,54.42,55.53,53.06,54.61,32192.15,1759445.46
11/05/2017,LTCUSD,54.89,55.2,53.06,54.42,8234.6,447736.8
11/04/2017,LTCUSD,55.98,56.21,54,54.89,14311.25,790525.33
11/03/2017,LTCUSD,54.19,57.29,53.51,55.98,28538.82,1563557.41
11/02/2017,LTCUSD,53.46,54.88,50.5,54.19,39074.39,2040360.33
11/01/2017,LTCUSD,55.47,55.7,53.01,53.46,22844.25,1252238.02
10/31/2017,LTCUSD,56.29,56.6,55,55.47,12712.21,711891.35
10/30/2017,LTCUSD,56.75,58.01,55.7,56.29,15741.7,895788.59
10/29/2017,LTCUSD,54.24,57.5,53.02,56.75,37811.4,2087131.28
10/28/2017,LTCUSD,55.17,55.87,54,54.24,6603.4,361381.24
10/27/2017,LTCUSD,55.56,56.17,55,55.17,8895.9,491861.81
10/26/2017,LTCUSD,56.39,57.5,55.01,55.56,10819.08,608527.87
10/25/2017,LTCUSD,55.99,57.23,54.1,56.39,17109.38,947129.16
10/24/2017,LTCUSD,54.66,59.9,53.3,55.99,32020.03,1835984.04
10/23/2017,LTCUSD,56.69,57.04,53,54.66,25330.8,1380962.54
10/22/2017,LTCUSD,58.11,58.78,56.03,56.69,8825.01,504878.95
10/21/2017,LTCUSD,60.04,60.22,56.5,58.11,19200.27,1119788.58
10/20/2017,LTCUSD,59.8,62.8,58.5,60.04,23443.85,1419886.93
10/19/2017,LTCUSD,60.89,61.5,58.37,59.8,17180.14,1029740.03
10/18/2017,LTCUSD,59.37,62.49,53,60.89,41657.88,2395888.59
10/17/2017,LTCUSD,64.6,64.87,58,59.37,26030.76,1582092.59
10/16/2017,LTCUSD,65.31,66,62.5,64.6,24627.57,1584967.24
10/15/2017,LTCUSD,63.8,69.62,62.11,65.31,53501.92,3499396.35
10/14/2017,LTCUSD,58.8,66.4,58.04,63.8,58563.03,3660343.36
10/13/2017,LTCUSD,59.39,60.83,55.2,58.8,66490.74,3871849.75
10/12/2017,LTCUSD,50.75,61.23,50.54,59.39,81427.73,4529159.28
10/11/2017,LTCUSD,50.62,51.23,49.5,50.75,16685.22,841962.48
10/10/2017,LTCUSD,50.08,51.64,48.2,50.62,24713.7,1242562.47
10/09/2017,LTCUSD,53.14,53.33,48.11,50.08,24795.6,1258161.99
10/08/2017,LTCUSD,52.52,54.48,52,53.14,20670.56,1104461.96
10/07/2017,LTCUSD,52.08,52.86,51.38,52.52,8991.6,467342.8
10/06/2017,LTCUSD,51.66,52.97,51.05,52.08,11547.36,602244.27
10/05/2017,LTCUSD,51.01,52,50,51.66,18266.8,934174.06
10/04/2017,LTCUSD,52.14,53.41,50.5,51.01,19687.27,1014240.81
10/03/2017,LTCUSD,53.18,53.63,51.21,52.14,27887.55,1450391.61
10/02/2017,LTCUSD,54.68,55.22,53.01,53.18,17419.02,943892.89
10/01/2017,LTCUSD,55.65,55.69,53.35,54.68,20075.41,1093376.41
09/30/2017,LTCUSD,52.92,56.12,52.81,55.65,18782.26,1034913.78
09/29/2017,LTCUSD,55.12,55.15,50.16,52.92,47583.66,2515010.32
09/28/2017,LTCUSD,57,57.97,53.75,55.12,62497.7,3475561.31
09/27/2017,LTCUSD,52,57.48,52,57,51530.64,2833649.69
09/26/2017,LTCUSD,52.37,54.3,51.3,52,38302.14,2027728.28
09/25/2017,LTCUSD,47.69,53.42,47.31,52.37,47081.43,2410163.9
09/24/2017,LTCUSD,49.5,49.65,47.23,47.69,16043.46,775721.36
09/23/2017,LTCUSD,47.8,51.01,46.5,49.5,30236.68,1486901.74
09/22/2017,LTCUSD,46.71,48.99,45.02,47.8,40142.22,1879739.97
09/21/2017,LTCUSD,51.25,52.45,45.5,46.71,75370.49,3704605.07
09/20/2017,LTCUSD,53.09,54.22,50.86,51.25,28644.46,1510665.43
09/19/2017,LTCUSD,56.13,56.8,51.28,53.09,89364.21,4832394.14
09/18/2017,LTCUSD,51.21,58.48,51.15,56.13,103374.19,5654919.86
09/17/2017,LTCUSD,52.22,53.19,48.04,51.21,77470.99,3953536.83
09/16/2017,LTCUSD,52.2,58.67,50.05,52.22,104284.45,5535476.02
09/15/2017,LTCUSD,45.49,56,35.11,52.2,200071.96,9598125.95
09/14/2017,LTCUSD,61.88,62.88,45.3,45.49,150265.54,7797776.46
09/13/2017,LTCUSD,66.43,66.44,56.8,61.88,111603.34,6842832.97
09/12/2017,LTCUSD,68.46,72.6,65.1,66.43,44620.43,3082928.95
09/11/2017,LTCUSD,67.84,71.99,65.2,68.46,39455.19,2709343.95
09/10/2017,LTCUSD,71.99,72,65,67.84,48990.63,3318387.11
09/09/2017,LTCUSD,74.1,75,70.11,71.99,25286.99,1831201.11
09/08/2017,LTCUSD,81.07,82.5,68,74.1,73212.3,5542576.24
09/07/2017,LTCUSD,82.41,83.3,78.1,81.07,50596.4,4100234.42
09/06/2017,LTCUSD,74.6,83.33,74.6,82.41,64613.05,5146115.43
09/05/2017,LTCUSD,70.1,75.89,65.1,74.6,74325.71,5253395.55
09/04/2017,LTCUSD,80.03,80.03,62.55,70.1,124162.42,8617730.44
09/03/2017,LTCUSD,79.48,84.79,75.25,80.03,67117.64,5384939.46
09/02/2017,LTCUSD,87.45,94.03,75.25,79.48,111170.55,9092253.13
09/01/2017,LTCUSD,73.37,95,71.11,87.45,138093.78,11391980.79
08/31/2017,LTCUSD,65.8,74.81,65,73.37,95296.27,6651385.58
08/30/2017,LTCUSD,62.78,66.2,60.9,65.8,31622.6,1996058.05
08/29/2017,LTCUSD,62.16,63.89,61.1,62.78,62231.48,3850936.51
08/28/2017,LTCUSD,61,64.97,58.5,62.16,66383.15,4106020.49
08/27/2017,LTCUSD,51.68,64.6,51.49,61,102693.3,6103600.69
08/26/2017,LTCUSD,51.7,53,50.2,51.68,19278.17,989002.84
08/25/2017,LTCUSD,50.56,53,49,51.7,29882.96,1529913.3
08/24/2017,LTCUSD,54,54.99,50.56,50.56,73634.73,3855542.08
08/23/2017,LTCUSD,46.51,59,46.31,54,75484.46,3916328.96
08/22/2017,LTCUSD,48.5,48.97,45.6,46.51,28493.47,1332522.34
08/21/2017,LTCUSD,46.15,50,44,48.5,42089.09,1989501.76
08/20/2017,LTCUSD,45.34,47.7,44.2,46.15,14734.44,679648.2
08/19/2017,LTCUSD,46.46,48,43.7,45.34,16045.43,727822.08
08/18/2017,LTCUSD,43.94,47.35,42.8,46.46,38850.63,1768548.35
08/17/2017,LTCUSD,44.05,45.1,43.2,43.94,17639.16,779688.53
08/16/2017,LTCUSD,43,46.23,42,44.05,22591.07,982811.81
08/15/2017,LTCUSD,45.99,45.99,41.62,43,27054.12,1177917.12
08/14/2017,LTCUSD,45.3,46.8,45.15,45.99,13580.18,619426.5
08/13/2017,LTCUSD,46.12,47.27,44.44,45.3,30495.87,1401619.16
08/12/2017,LTCUSD,47.15,48.44,46,46.12,23397.01,1103256.23
08/11/2017,LTCUSD,47.46,48.1,46.75,47.15,20314.66,961406.58
08/10/2017,LTCUSD,48.2,48.9,47.45,47.46,16055.14,772918.14
08/09/2017,LTCUSD,49.1,52,46.62,48.2,32831.94,1603403.63
08/08/2017,LTCUSD,45.84,49.89,45.65,49.1,36755.4,1727741.63
08/07/2017,LTCUSD,45.3,46.8,45.04,45.84,24667.64,1129778.4
08/06/2017,LTCUSD,46.22,46.87,45.1,45.3,21942.77,1007613.05
08/05/2017,LTCUSD,43.49,47,43.49,46.22,45054.38,2062044.67
08/04/2017,LTCUSD,42.77,43.87,42.3,43.49,19151.08,824551.36
08/03/2017,LTCUSD,41.86,43.12,41.67,42.77,15188.26,643908.74
08/02/2017,LTCUSD,43,43.32,41.12,41.86,40745.79,1725753.52
08/01/2017,LTCUSD,42.35,44.9,41.3,43,52390.19,2247388.06
07/31/2017,LTCUSD,40.71,43.54,38.25,42.35,61589.32,2549883.24
07/30/2017,LTCUSD,41.2,42,40.02,40.71,17785.69,726509.71
07/29/2017,LTCUSD,40.55,41.5,38.5,41.2,23703.54,946105.96
07/28/2017,LTCUSD,41.62,45,40.14,40.55,43335.66,1797487.72
07/27/2017,LTCUSD,41.85,42.38,40.85,41.62,40380.61,1681670.71
07/26/2017,LTCUSD,42.09,42.87,40.18,41.85,69566.44,2892048.9
07/25/2017,LTCUSD,44.69,45.19,39.58,42.09,53852.87,2262459.32
07/24/2017,LTCUSD,45.29,45.9,44.33,44.69,47412.32,2126648.23
07/23/2017,LTCUSD,46.7,47.1,43.74,45.29,30356.05,1374525.06
07/22/2017,LTCUSD,45.25,47.38,44.95,46.7,43310.1,1981183.58
07/21/2017,LTCUSD,44.75,48,43.78,45.25,73840.04,3394584.94
07/20/2017,LTCUSD,39.91,46,39.91,44.75,102758.28,4445739.49
07/19/2017,LTCUSD,43.47,44.12,38.02,39.91,87454.21,3690197.55
07/18/2017,LTCUSD,42.25,45,40.69,43.47,106352.56,4608518.85
07/17/2017,LTCUSD,40.53,43.3,39.19,42.25,99453.03,4108124.85
07/16/2017,LTCUSD,38.3,41.79,35,40.53,116805.64,4431196.95
07/15/2017,LTCUSD,42.68,42.68,37.37,38.3,106296.61,4181709.08
07/14/2017,LTCUSD,45.46,45.85,40,42.68,48629.97,2051438.54
07/13/2017,LTCUSD,46.78,47.7,43.4,45.46,31662.27,1442520.71
07/12/2017,LTCUSD,43.81,48.75,42.2,46.78,63136.68,2906776.28
07/11/2017,LTCUSD,44.25,48.75,41.15,43.81,83468.22,3657671.6
07/10/2017,LTCUSD,48.96,49.67,42.2,44.25,96983.87,4517603.14
07/09/2017,LTCUSD,51.11,52,48.25,48.96,30713.45,1531821.48
07/08/2017,LTCUSD,46.19,51.86,44.34,51.11,52717.39,2554751.17
07/07/2017,LTCUSD,51.01,51.6,44.48,46.19,48514.23,2300807.62
07/06/2017,LTCUSD,53.2,53.26,49.51,51.01,41446.75,2119266.71
07/05/2017,LTCUSD,55,56.77,49.14,53.2,72108.86,3812460.85
07/04/2017,LTCUSD,45.44,55,45.33,55,161490.94,8223619.68
07/03/2017,LTCUSD,41.5,47.7,40.48,45.44,86833.77,3916280.3
07/02/2017,LTCUSD,37.93,42,36.45,41.5,29111.94,1153378.21
07/01/2017,LTCUSD,39.05,39.55,36.5,37.93,21148.24,802394.05
06/30/2017,LTCUSD,40.06,41.2,38.76,39.05,19664.26,786817.39
06/29/2017,LTCUSD,41.9,42.35,39.28,40.06,23873.07,976567.46
06/28/2017,LTCUSD,39.33,43.75,37.51,41.9,51862.16,2120089.29
06/27/2017,LTCUSD,37.9,39.8,33.5,39.33,43056.19,1585340.15
06/26/2017,LTCUSD,40.34,41.54,33,37.9,53405.41,1967593.6
06/25/2017,LTCUSD,42.39,43.3,37.37,40.34,42613.3,1743639.02
06/24/2017,LTCUSD,45.18,45.68,40.75,42.39,27463.65,1178492.39
06/23/2017,LTCUSD,46.07,46.97,44.72,45.18,17061.61,782179.3
06/22/2017,LTCUSD,43.73,47.87,42.46,46.07,31332.96,1428277.14
06/21/2017,LTCUSD,45.1,46.6,41.05,43.73,59289.63,2606008.1
06/20/2017,LTCUSD,47.02,48.35,39.5,45.1,65993.36,2975846.1
06/19/2017,LTCUSD,43.42,51,42,47.02,111523.63,5213838.02
06/18/2017,LTCUSD,46.01,46.32,39.88,43.42,102036.25,4427094.33
06/17/2017,LTCUSD,33.69,48.48,33.69,46.01,174639.52,7079311.96
06/16/2017,LTCUSD,29.27,34.42,28,33.69,68445.19,2157312.81
06/15/2017,LTCUSD,29.05,30,23.44,29.27,66964.65,1839032.83
06/14/2017,LTCUSD,30.3,31.81,27.5,29.05,44042.46,1313202.86
06/13/2017,LTCUSD,28.39,30.35,28.04,30.3,21588.57,634115.16
06/12/2017,LTCUSD,33.12,33.36,25,28.39,60039.27,1789188.64
06/11/2017,LTCUSD,28.77,33.82,28.55,33.12,50062.29,1563721.93
06/10/2017,LTCUSD,29.66,30.01,28.5,28.77,32810.82,965322.21
06/09/2017,LTCUSD,30.4,31.2,29.55,29.66,23205.44,702931.06
06/08/2017,LTCUSD,28.48,30.85,28.01,30.4,25892.33,771800.7
06/07/2017,LTCUSD,30.19,30.64,28,28.48,23360.69,686030.72
06/06/2017,LTCUSD,30.68,31.03,28.35,30.19,39402.41,1180495.35
06/05/2017,LTCUSD,27.84,31.65,27.75,30.68,37809.53,1129238.69
06/04/2017,LTCUSD,27.32,28,26.83,27.84,16886.92,463698.21
06/03/2017,LTCUSD,28,28.12,27.11,27.32,13100.9,361798.52
06/02/2017,LTCUSD,27.32,28.73,26.75,28,22884.61,632982.13
06/01/2017,LTCUSD,25.78,29.7,25.46,27.32,47250.76,1305213.9
05/31/2017,LTCUSD,23.57,26.3,23.29,25.78,31056.43,769333.85
05/30/2017,LTCUSD,25.44,26.66,23,23.57,51490.64,1309602.33
05/29/2017,LTCUSD,23.51,26.5,22.8,25.44,19783.58,492051.72
05/28/2017,LTCUSD,22.16,26.01,21.13,23.51,33501.78,788156.13
05/27/2017,LTCUSD,24.93,26,17.5,22.16,57051.13,1262582.85
05/26/2017,LTCUSD,27,30.44,24.2,24.93,53661.84,1448308.05
05/25/2017,LTCUSD,33.81,34.33,26.11,27,67706.48,2052207.42
05/24/2017,LTCUSD,30.76,34.6,29.91,33.81,55709.33,1790571.25
05/23/2017,LTCUSD,23.67,30.76,23.5,30.76,66584.06,1855112.27
05/22/2017,LTCUSD,25.31,26.18,20.55,23.67,78448.65,1871623.33
05/21/2017,LTCUSD,26.98,28.9,24.87,25.31,35499.48,939309.94
05/20/2017,LTCUSD,27.33,27.85,26.6,26.98,16117.09,438986.08
05/19/2017,LTCUSD,28.49,29.22,26.3,27.33,50903.0,1387660.59
05/18/2017,LTCUSD,25.66,29.89,25.08,28.49,51065.17,1374570.29
05/17/2017,LTCUSD,23.6,27.43,20.75,25.66,114551.08,2747391.8
05/16/2017,LTCUSD,25.34,25.66,20.75,23.6,77872.88,1867132.85
05/15/2017,LTCUSD,28.45,28.75,25.08,25.34,34828.82,919576.51
05/14/2017,LTCUSD,28.94,30.43,27.41,28.45,10091.03,294198.71
05/13/2017,LTCUSD,27.07,28.98,25.1,28.94,33775.06,904446.06
05/12/2017,LTCUSD,30.73,31.55,26.4,27.07,42361.95,1219592.32
05/11/2017,LTCUSD,31.79,35.5,28.2,30.73,51711.48,1592809.53
05/10/2017,LTCUSD,33.5,38.39,30,31.79,96535.58,3308646.34
05/09/2017,LTCUSD,28.4,37,23.6,33.5,85056.91,2454338.4
05/08/2017,LTCUSD,28.9,30,26,28.4,48882.05,1378722.65
05/07/2017,LTCUSD,27.55,30.5,25.23,28.9,39814.45,1145071.39
05/06/2017,LTCUSD,25.8,28.25,25.53,27.55,19468.13,526403.26
05/05/2017,LTCUSD,23.4,27.75,23.4,25.8,73926.95,1907461.18
05/04/2017,LTCUSD,21.5,25.64,20.78,23.4,98707.55,2271312.47
05/03/2017,LTCUSD,15.88,22.47,15.85,21.5,120724.42,2389490.07
05/02/2017,LTCUSD,15.81,16.22,15.1,15.88,24509.02,386511.21
05/01/2017,LTCUSD,15.66,16.31,14.66,15.81,35629.82,558427.73
04/30/2017,LTCUSD,15.9,16.23,15.38,15.66,17224.78,273112.19
04/29/2017,LTCUSD,14.5,15.95,14.5,15.9,15801.73,241755.3
04/28/2017,LTCUSD,14.85,14.97,14.22,14.5,13649.04,200063.09
04/27/2017,LTCUSD,15.01,15.25,13.5,14.85,45075.3,649998.9
04/26/2017,LTCUSD,15.53,16,14.65,15.01,32128.14,496975.86
04/25/2017,LTCUSD,15,15.75,14.3,15.53,19893.91,295354.8
04/24/2017,LTCUSD,15.16,15.21,14.1,15,32732.67,480562.72
04/23/2017,LTCUSD,14.19,16.14,14,15.16,72735.8,1106952.15
04/22/2017,LTCUSD,12.06,14.43,11.89,14.19,70013.03,935962.91
04/21/2017,LTCUSD,11,12.52,10.96,12.06,61959.38,741545.35
04/20/2017,LTCUSD,10.1,11.38,10.1,11,12249.37,133394.03
04/19/2017,LTCUSD,11.03,11.09,10,10.1,18849.89,197531.86
04/18/2017,LTCUSD,11.23,11.53,10.58,11.03,29041.91,319699.04
04/17/2017,LTCUSD,11.68,12.93,11.03,11.23,20486.86,247776.38
04/16/2017,LTCUSD,11.8,11.89,11.44,11.68,4727.09,55379.35
04/15/2017,LTCUSD,11.75,12.15,11.2,11.8,9343.41,110322.44
04/14/2017,LTCUSD,10.98,11.93,10.98,11.75,10272.27,119707.96
04/13/2017,LTCUSD,11.81,11.81,10.55,10.98,21690.23,243046.22
04/12/2017,LTCUSD,9.53,12.7,9.53,11.81,68683.1,784377.59
04/11/2017,LTCUSD,9.93,10.46,9.5,9.53,19916.51,196762.17
04/10/2017,LTCUSD,9.27,10.19,9,9.93,17139.35,164565.66
04/09/2017,LTCUSD,10.66,10.92,8.9,9.27,51338.26,501375.5
04/08/2017,LTCUSD,10,11.43,9.91,10.66,22620.2,243980.21
04/07/2017,LTCUSD,10.92,11.6,9.53,10,44494.26,462195.85
04/06/2017,LTCUSD,12.5,13,9.75,10.92,120568.94,1361949.02
04/05/2017,LTCUSD,9.05,13.77,8.85,12.5,86454.69,940423.53
04/04/2017,LTCUSD,8.58,9.8,8.35,9.05,51159.04,463503.03
04/03/2017,LTCUSD,8.39,9.5,7.58,8.58,60805.16,533338.54
04/02/2017,LTCUSD,7.5,8.63,7.12,8.39,37395.61,302385.69
04/01/2017,LTCUSD,7.07,7.68,6.63,7.5,17896.12,128968.65
03/31/2017,LTCUSD,7.49,7.89,5.91,7.07,63287.38,445348.48
03/30/2017,LTCUSD,4.28,9,4.28,7.49,84099.63,552258.3
03/29/2017,LTCUSD,4.19,4.35,4.14,4.28,7363.89,31147.66
03/28/2017,LTCUSD,4.06,4.25,4.05,4.19,8718.17,36456.04
03/27/2017,LTCUSD,4.05,4.2,3.99,4.06,2627.06,10778.39
03/26/2017,LTCUSD,4.05,4.4,3.82,4.05,12283.2,49171.03
03/25/2017,LTCUSD,4.07,4.5,3.94,4.05,6689.58,27551.58
03/24/2017,LTCUSD,3.92,4.49,3.92,4.07,14290.71,59432.92
03/23/2017,LTCUSD,3.86,4.2,3.85,3.92,11642.5,46484.15
03/22/2017,LTCUSD,4.07,4.07,3.62,3.86,30757.73,120473.97
03/21/2017,LTCUSD,4.04,4.1,3.93,4.07,1980.33,7962.19
03/20/2017,LTCUSD,3.8,4.04,3.78,4.04,5843.15,22813.26
03/19/2017,LTCUSD,3.9,4.1,3.76,3.8,3251.34,12700.28
03/18/2017,LTCUSD,4,4.16,3.76,3.9,8136.88,31458.92
03/17/2017,LTCUSD,4.35,4.35,3.88,4,23522.39,95243.74
03/16/2017,LTCUSD,4.36,4.47,4.11,4.35,10819.18,46872.83
03/15/2017,LTCUSD,4.22,4.37,4.1,4.36,2705.34,11419.7
03/14/2017,LTCUSD,4.33,4.4,4.07,4.22,1842.82,7697.31
03/13/2017,LTCUSD,3.85,4.47,3.75,4.33,22767.96,97003.6
03/12/2017,LTCUSD,3.75,4,3.7,3.85,6838.88,26222.99
03/11/2017,LTCUSD,3.81,3.88,3.75,3.75,946.5,3605.07
03/10/2017,LTCUSD,3.9,4.1,3.68,3.81,12280.69,46552.23
03/09/2017,LTCUSD,3.8,3.92,3.78,3.9,5825.87,22164.91
03/08/2017,LTCUSD,3.95,3.95,3.8,3.8,3097.22,11941.25
03/07/2017,LTCUSD,4.05,4.09,3.93,3.95,748.29,3000.21
03/06/2017,LTCUSD,4.02,4.07,3.96,4.05,510.66,2027.37
03/05/2017,LTCUSD,3.95,4.05,3.91,4.02,6074.7,23951.65
03/04/2017,LTCUSD,4.01,4.08,3.95,3.95,359.11,1438.49
03/03/2017,LTCUSD,4.06,4.12,3.97,4.01,1714.59,6918.62
03/02/2017,LTCUSD,3.86,4.23,3.81,4.06,7865.26,31344.71
03/01/2017,LTCUSD,3.77,3.98,3.76,3.86,4768.36,18398.18
02/28/2017,LTCUSD,3.83,3.87,3.77,3.77,1368.4,5199.46
02/27/2017,LTCUSD,3.89,3.89,3.81,3.83,764.02,2952.12
02/26/2017,LTCUSD,3.86,3.92,3.84,3.89,397.64,1540.09
02/25/2017,LTCUSD,3.95,3.95,3.85,3.86,394.35,1521.58
02/24/2017,LTCUSD,3.88,3.98,3.76,3.95,9817.14,38504.45
02/23/2017,LTCUSD,3.91,3.95,3.87,3.88,2187.15,8550.59
02/22/2017,LTCUSD,3.81,3.91,3.81,3.91,421.54,1633.15
02/21/2017,LTCUSD,3.81,3.85,3.76,3.81,1245.11,4778.66
02/20/2017,LTCUSD,3.77,3.82,3.75,3.81,258.69,974.61
02/19/2017,LTCUSD,3.8,3.84,3.7,3.77,1750.87,6608.78
02/18/2017,LTCUSD,3.83,3.92,3.8,3.8,400.61,1542.75
02/17/2017,LTCUSD,3.84,3.93,3.83,3.83,126.79,489.07
02/16/2017,LTCUSD,3.9,3.93,3.84,3.84,1235.37,4777.67
02/15/2017,LTCUSD,3.84,3.91,3.8,3.9,1076.91,4156.25
02/14/2017,LTCUSD,3.78,3.84,3.73,3.84,1739.88,6604.38
02/13/2017,LTCUSD,3.79,3.8,3.75,3.78,642.1,2425.8
02/12/2017,LTCUSD,3.96,3.96,3.79,3.79,178.11,679.12
02/11/2017,LTCUSD,3.81,3.96,3.76,3.96,2488.71,9551.21
02/10/2017,LTCUSD,3.77,3.85,3.68,3.81,1420.9,5288.47
02/09/2017,LTCUSD,3.99,4.03,3.58,3.77,19970.25,75324.74
02/08/2017,LTCUSD,3.96,4.01,3.85,3.99,2979.75,11832.91
02/07/2017,LTCUSD,3.95,4.01,3.8,3.96,4466.71,17584.7
02/06/2017,LTCUSD,4,4,3.93,3.95,713.72,2829.6
02/05/2017,LTCUSD,4.02,4.02,3.93,4,3317.56,13062.79
02/04/2017,LTCUSD,4,4.08,3.9,4,4121.15,16303.83
02/03/2017,LTCUSD,4.06,4.12,3.94,4,1468.69,5888.24
02/02/2017,LTCUSD,4.03,4.13,3.97,4.06,2197.56,8929.93
02/01/2017,LTCUSD,4.12,4.12,4.02,4.03,3882.93,15646.75
01/31/2017,LTCUSD,4.69,4.69,4.01,4.12,6161.4,25446.26
01/30/2017,LTCUSD,3.89,4.69,3.86,4.69,7697.33,32035.99
01/29/2017,LTCUSD,3.88,3.89,3.84,3.89,477.02,1846.5
01/28/2017,LTCUSD,3.91,3.97,3.85,3.9,1748.81,6830.24
01/27/2017,LTCUSD,3.9,3.91,3.8,3.91,627.79,2441.94
01/26/2017,LTCUSD,3.72,3.9,3.67,3.9,2940.25,11109.22
01/25/2017,LTCUSD,3.75,3.75,3.66,3.72,1717.24,6366.69
01/24/2017,LTCUSD,3.83,3.85,3.75,3.75,3990.78,15165.74
01/23/2017,LTCUSD,3.83,3.9,3.83,3.83,1101.68,4247.26
01/22/2017,LTCUSD,3.95,3.95,3.82,3.83,2608.04,10098.38
01/21/2017,LTCUSD,3.89,3.96,3.87,3.95,198.45,779.25
01/20/2017,LTCUSD,3.89,4,3.86,3.89,663.69,2615.14
01/19/2017,LTCUSD,3.9,3.95,3.85,3.89,640.11,2491.4
01/18/2017,LTCUSD,3.92,4,3.85,3.9,1772.88,6890.81
01/17/2017,LTCUSD,3.88,4.03,3.88,3.92,2315.73,9167.84
01/16/2017,LTCUSD,3.94,3.95,3.88,3.88,327.44,1284.53
01/15/2017,LTCUSD,3.9,3.97,3.88,3.89,340.86,1346.32
01/14/2017,LTCUSD,4.04,4.04,3.87,3.9,338.59,1321.41
01/13/2017,LTCUSD,4.15,4.64,3.87,3.94,3243.9,13227.49
01/12/2017,LTCUSD,3.94,4.15,3.81,4.15,2483.55,9864.56
01/11/2017,LTCUSD,4.68,4.68,3.8,3.94,9513.9,38967.57
01/10/2017,LTCUSD,4.48,4.68,4.3,4.68,3064.15,13936.7
01/09/2017,LTCUSD,4.04,4.55,3.92,4.48,3668.2,15706.16
01/08/2017,LTCUSD,3.98,4.04,3.91,4.04,455.22,1815.26
01/07/2017,LTCUSD,3.81,4.01,3.63,3.98,2530.49,9886.21
01/06/2017,LTCUSD,4.25,4.35,3.81,3.81,2036.65,8345.88
01/05/2017,LTCUSD,4.52,4.85,4,4.25,6538.33,28674.56
01/04/2017,LTCUSD,4.57,4.75,4.45,4.52,4350.25,20052.73
01/03/2017,LTCUSD,4.56,4.67,4.42,4.57,1438.08,6474.88
01/02/2017,LTCUSD,4.53,4.75,4.39,4.56,2019.32,9364.31
01/01/2017,LTCUSD,4.38,4.57,4.1,4.53,2385.85,10420.0
12/31/2016,LTCUSD,4.44,4.44,4.35,4.38,88.07,385.58
12/30/2016,LTCUSD,4.42,4.6,4.17,4.44,848.34,3613.93
12/29/2016,LTCUSD,4.57,4.64,4.42,4.42,377.37,1693.98
12/28/2016,LTCUSD,4.35,4.68,4.35,4.57,3816.77,17083.3
12/27/2016,LTCUSD,4.19,4.49,4.19,4.35,1711.09,7494.67
12/26/2016,LTCUSD,4.22,4.4,4.17,4.19,276.83,1174.06
12/25/2016,LTCUSD,4.44,4.44,4.11,4.22,1086.87,4644.67
12/24/2016,LTCUSD,4.28,4.75,4.27,4.44,4453.15,20221.51
12/23/2016,LTCUSD,3.65,4.4,3.65,4.28,10502.44,43369.11
12/22/2016,LTCUSD,3.62,3.75,3.58,3.65,928.69,3412.68
12/21/2016,LTCUSD,3.67,3.67,3.62,3.62,73.43,265.99
12/20/2016,LTCUSD,3.63,3.67,3.61,3.67,18.01,65.83
12/19/2016,LTCUSD,3.72,3.72,3.63,3.63,81.83,297.65
12/18/2016,LTCUSD,3.72,3.75,3.72,3.72,19.69,73.47
12/17/2016,LTCUSD,3.62,3.73,3.61,3.72,124.35,453.79
12/16/2016,LTCUSD,3.67,3.67,3.62,3.62,103.53,375.16
12/15/2016,LTCUSD,3.6,3.69,3.6,3.67,26.31,96.95
12/14/2016,LTCUSD,3.67,3.67,3.6,3.6,148.31,536.03
12/13/2016,LTCUSD,3.67,3.68,3.62,3.67,112.48,407.95
12/12/2016,LTCUSD,3.66,3.69,3.6,3.67,1408.79,5094.91
12/11/2016,LTCUSD,3.7,3.7,3.6,3.66,949.03,3474.51
12/10/2016,LTCUSD,3.72,3.72,3.66,3.7,208.96,773.18
12/09/2016,LTCUSD,3.65,3.72,3.65,3.72,8.65,31.94
12/08/2016,LTCUSD,3.65,3.75,3.65,3.65,214.55,802.07
12/07/2016,LTCUSD,3.49,3.67,3.47,3.65,578.87,2100.21
12/06/2016,LTCUSD,3.55,3.56,3.45,3.49,455.8,1588.23
12/05/2016,LTCUSD,3.91,3.91,3.39,3.55,3712.36,13523.88
12/04/2016,LTCUSD,3.92,3.92,3.9,3.91,282.75,1108.03
12/03/2016,LTCUSD,3.94,3.94,3.89,3.92,107.67,419.01
12/02/2016,LTCUSD,3.9,3.94,3.87,3.94,236.0,926.1
12/01/2016,LTCUSD,3.84,3.91,3.84,3.9,113.29,439.41
11/30/2016,LTCUSD,3.82,3.89,3.82,3.84,34.63,134.16
11/29/2016,LTCUSD,3.84,3.9,3.82,3.82,39.08,149.74
11/28/2016,LTCUSD,3.86,3.9,3.83,3.84,42.27,163.01
11/27/2016,LTCUSD,3.9,3.93,3.84,3.86,242.27,933.6
11/26/2016,LTCUSD,3.92,3.93,3.85,3.9,35.68,138.76
11/25/2016,LTCUSD,3.92,3.93,3.83,3.92,372.2,1440.2
11/24/2016,LTCUSD,3.93,3.94,3.83,3.92,101.21,392.94
11/23/2016,LTCUSD,3.94,3.95,3.86,3.93,354.29,1392.66
11/22/2016,LTCUSD,3.95,3.95,3.86,3.94,53.53,210.88
11/21/2016,LTCUSD,3.82,3.95,3.82,3.95,24.67,97.02
11/20/2016,LTCUSD,3.95,3.95,3.82,3.82,609.01,2361.05
11/19/2016,LTCUSD,3.88,3.99,3.82,3.95,1064.91,4182.94
11/18/2016,LTCUSD,3.86,3.99,3.86,3.88,169.41,662.96
11/17/2016,LTCUSD,3.91,4.15,3.86,3.86,1414.62,5659.64
11/16/2016,LTCUSD,3.91,3.99,3.86,3.91,704.2,2775.27
11/15/2016,LTCUSD,3.85,3.94,3.85,3.91,511.56,2007.43
11/14/2016,LTCUSD,3.86,3.91,3.85,3.85,41.16,158.72
11/13/2016,LTCUSD,3.74,3.93,3.65,3.86,718.54,2705.13
11/12/2016,LTCUSD,3.8,3.85,3.73,3.74,1384.97,5279.79
11/11/2016,LTCUSD,3.8,3.85,3.8,3.8,3.03,11.59
11/10/2016,LTCUSD,3.83,3.89,3.8,3.8,721.71,2759.93
11/09/2016,LTCUSD,3.83,3.93,3.82,3.83,1161.58,4499.12
11/08/2016,LTCUSD,3.9,3.9,3.83,3.83,70.12,269.18
11/07/2016,LTCUSD,3.9,3.92,3.85,3.9,289.8,1124.07
11/06/2016,LTCUSD,3.92,3.96,3.86,3.9,393.96,1531.72
11/05/2016,LTCUSD,3.82,3.92,3.82,3.92,302.02,1163.59
11/04/2016,LTCUSD,3.8,3.96,3.8,3.82,540.07,2085.03
11/03/2016,LTCUSD,4.12,4.2,3.8,3.8,1043.32,4100.3
11/02/2016,LTCUSD,4.07,4.12,4.03,4.12,33.85,137.0
11/01/2016,LTCUSD,4.03,4.18,3.39,4.07,3886.5,15689.04
10/31/2016,LTCUSD,4.05,4.05,3.98,4.03,217.42,868.88
10/30/2016,LTCUSD,4.08,4.08,3.99,4.05,66.99,267.77
10/29/2016,LTCUSD,3.94,4.09,3.84,4.08,2062.08,8240.55
10/28/2016,LTCUSD,3.95,3.95,3.84,3.94,1279.98,5001.06
10/27/2016,LTCUSD,3.93,4.15,3.93,3.95,697.46,2824.38
10/26/2016,LTCUSD,3.86,3.99,3.85,3.93,178.89,712.91
10/25/2016,LTCUSD,3.88,3.93,3.84,3.86,676.13,2615.86
10/24/2016,LTCUSD,3.9,3.92,3.86,3.88,195.17,758.31
10/23/2016,LTCUSD,3.9,3.92,3.88,3.9,4562.11,17792.71
10/22/2016,LTCUSD,3.81,3.94,3.81,3.9,238.05,927.4
10/21/2016,LTCUSD,3.77,3.81,3.77,3.81,140.95,536.23
10/20/2016,LTCUSD,3.81,3.81,3.75,3.77,383.83,1446.0
10/19/2016,LTCUSD,3.81,3.83,3.75,3.81,400.67,1515.76
10/18/2016,LTCUSD,3.85,3.88,3.81,3.81,489.58,1883.54
10/17/2016,LTCUSD,3.92,3.92,3.85,3.85,148.76,576.4
10/16/2016,LTCUSD,3.85,3.92,3.85,3.92,63.58,245.67
10/15/2016,LTCUSD,3.92,3.92,3.85,3.85,30.01,117.15
10/14/2016,LTCUSD,3.91,3.94,3.88,3.92,319.64,1247.04
10/13/2016,LTCUSD,3.8,3.93,3.8,3.91,26.55,102.83
10/12/2016,LTCUSD,3.83,3.87,3.77,3.8,210.46,796.4
10/11/2016,LTCUSD,3.78,3.86,3.78,3.83,532.32,2035.41
10/10/2016,LTCUSD,3.82,3.82,3.78,3.78,82.01,310.44
10/09/2016,LTCUSD,3.86,3.88,3.79,3.82,1740.49,6722.76
10/08/2016,LTCUSD,3.86,3.88,3.84,3.86,705.72,2728.84
10/07/2016,LTCUSD,3.84,3.86,3.83,3.86,434.56,1673.05
10/06/2016,LTCUSD,3.87,3.87,3.79,3.84,446.98,1708.86
10/05/2016,LTCUSD,3.83,3.88,3.77,3.87,875.06,3364.08
10/04/2016,LTCUSD,3.84,3.86,3.82,3.83,2911.84,11158.33
10/03/2016,LTCUSD,3.86,3.86,3.83,3.84,128.0,490.94
10/02/2016,LTCUSD,3.86,3.86,3.82,3.86,18.34,70.13
10/01/2016,LTCUSD,3.83,3.88,3.83,3.86,228.57,883.7
09/30/2016,LTCUSD,3.88,3.88,3.77,3.83,728.42,2799.58
09/29/2016,LTCUSD,3.85,3.88,3.83,3.88,638.84,2457.77
09/28/2016,LTCUSD,3.84,3.88,3.82,3.85,981.68,3774.9
09/27/2016,LTCUSD,3.84,3.9,3.84,3.84,275.81,1066.11
09/26/2016,LTCUSD,3.73,3.91,3.73,3.84,676.54,2625.4
09/25/2016,LTCUSD,3.84,3.84,3.73,3.73,57.4,214.26
09/24/2016,LTCUSD,3.8,3.85,3.73,3.84,4.53,17.32
09/23/2016,LTCUSD,3.76,3.82,3.72,3.8,224.0,840.42
09/22/2016,LTCUSD,3.79,3.82,3.73,3.76,161.92,609.41
09/21/2016,LTCUSD,3.72,3.82,3.72,3.79,1230.32,4626.84
09/20/2016,LTCUSD,3.83,3.84,3.72,3.72,513.2,1947.18
09/19/2016,LTCUSD,3.87,3.87,3.81,3.83,369.02,1412.69
09/18/2016,LTCUSD,3.86,4.03,3.79,3.87,371.06,1433.3
09/17/2016,LTCUSD,3.82,3.87,3.8,3.86,20.29,77.28
09/16/2016,LTCUSD,3.87,3.87,3.81,3.82,595.31,2271.35
09/15/2016,LTCUSD,3.86,3.87,3.81,3.87,27.3,104.09
09/14/2016,LTCUSD,3.89,3.89,3.82,3.86,440.89,1695.17
09/13/2016,LTCUSD,3.82,3.89,3.8,3.89,80.5,308.98
09/12/2016,LTCUSD,3.93,3.93,3.77,3.82,238.13,911.39
09/11/2016,LTCUSD,3.95,4.05,3.84,3.93,131.68,529.53
09/10/2016,LTCUSD,3.95,3.95,3.95,3.95,0.0,0.0
09/09/2016,LTCUSD,4.04,4.04,3.95,3.95,121.79,481.32
09/08/2016,LTCUSD,3.93,4.04,3.93,4.04,354.23,1428.05
09/07/2016,LTCUSD,3.98,4.03,3.93,3.93,201.52,805.42
09/06/2016,LTCUSD,3.93,3.99,3.92,3.98,677.59,2684.06
09/05/2016,LTCUSD,3.98,4.03,3.93,3.93,14.59,58.53
09/04/2016,LTCUSD,3.9,4.04,3.87,3.98,473.2,1887.68
09/03/2016,LTCUSD,3.86,3.9,3.77,3.9,387.04,1495.4
09/02/2016,LTCUSD,3.86,3.86,3.77,3.86,162.86,627.8
09/01/2016,LTCUSD,3.65,3.98,3.65,3.86,467.65,1789.88
08/31/2016,LTCUSD,3.79,3.79,3.61,3.65,492.2,1821.92
08/30/2016,LTCUSD,3.82,3.82,3.74,3.79,4056.75,15315.17
08/29/2016,LTCUSD,3.72,3.84,3.39,3.82,4432.88,16834.12
08/28/2016,LTCUSD,3.72,3.78,3.72,3.72,89.95,334.72
08/27/2016,LTCUSD,3.8,3.81,3.72,3.72,68.22,257.03
08/26/2016,LTCUSD,3.77,3.86,3.77,3.8,40.9,156.36
08/25/2016,LTCUSD,3.97,3.98,3.72,3.77,473.5,1821.42
08/24/2016,LTCUSD,4.01,4.01,3.86,3.97,139.61,544.04
08/23/2016,LTCUSD,3.68,4.04,3.65,4.01,1197.84,4770.62
08/22/2016,LTCUSD,3.62,3.69,3.61,3.68,1510.14,5523.86
08/21/2016,LTCUSD,3.63,3.68,3.61,3.62,304.38,1105.65
08/20/2016,LTCUSD,3.63,3.65,3.6,3.63,45.31,164.36
08/19/2016,LTCUSD,3.58,3.67,3.58,3.63,18.05,66.18
08/18/2016,LTCUSD,3.63,3.66,3.58,3.58,459.82,1679.72
08/17/2016,LTCUSD,3.64,3.65,3.61,3.63,6.57,23.85
08/16/2016,LTCUSD,3.59,3.68,3.55,3.64,410.13,1475.93
08/15/2016,LTCUSD,3.62,3.63,3.55,3.59,777.53,2777.06
08/14/2016,LTCUSD,3.67,3.68,3.6,3.62,81.39,292.63
08/13/2016,LTCUSD,3.67,3.76,3.67,3.67,2195.21,8076.76
08/12/2016,LTCUSD,3.78,3.93,3.67,3.67,1297.86,4837.26
08/11/2016,LTCUSD,3.79,3.79,3.58,3.78,1139.35,4238.87
08/10/2016,LTCUSD,3.69,3.83,3.69,3.79,355.6,1330.43
08/09/2016,LTCUSD,3.6,3.81,3.6,3.69,159.89,602.25
08/08/2016,LTCUSD,3.74,3.79,3.39,3.6,292.88,1088.58
08/07/2016,LTCUSD,3.8,3.84,3.74,3.74,88.12,333.82
08/06/2016,LTCUSD,3.62,3.8,3.62,3.8,146.72,552.29
08/05/2016,LTCUSD,3.77,3.84,3.62,3.62,49.38,186.4
08/04/2016,LTCUSD,3.73,3.8,3.69,3.77,528.84,1995.65
08/03/2016,LTCUSD,3.57,3.74,3.43,3.73,2466.07,9034.79
08/02/2016,LTCUSD,3.84,3.86,3.36,3.57,6914.22,24778.93
08/01/2016,LTCUSD,3.94,3.98,3.84,3.84,1378.45,5333.67
07/31/2016,LTCUSD,4.05,4.05,3.9,3.94,917.74,3638.28
07/30/2016,LTCUSD,4.11,4.11,4.04,4.05,16.03,65.52
07/29/2016,LTCUSD,3.96,4.11,3.95,4.11,309.25,1228.92
07/28/2016,LTCUSD,3.94,4.03,3.92,3.96,339.4,1348.12
07/27/2016,LTCUSD,3.98,4.04,3.9,3.94,1858.7,7343.41
07/26/2016,LTCUSD,4.05,4.2,3.9,3.98,3003.42,11920.79
07/25/2016,LTCUSD,4.08,4.09,3.96,4.05,190.21,763.6
07/24/2016,LTCUSD,3.96,4.11,3.96,4.08,160.42,651.41
07/23/2016,LTCUSD,4.08,4.08,3.95,3.95,86.56,349.99
07/22/2016,LTCUSD,4.11,4.13,3.95,4.1,3150.54,12791.03
07/21/2016,LTCUSD,4.14,4.15,4.07,4.11,47.87,196.58
07/20/2016,LTCUSD,4.18,4.19,4.08,4.14,842.94,3488.87
07/19/2016,LTCUSD,4.18,4.18,4.1,4.18,411.59,1695.37
07/18/2016,LTCUSD,4.13,4.24,4.13,4.18,307.48,1284.27
07/17/2016,LTCUSD,4.1,4.25,4.05,4.13,2115.87,8738.44
07/16/2016,LTCUSD,4.18,4.18,4.1,4.1,72.72,302.82
07/15/2016,LTCUSD,4.1,4.19,4.1,4.18,956.53,3985.5
07/14/2016,LTCUSD,4.18,4.2,4.1,4.1,176.12,733.31
07/13/2016,LTCUSD,4.2,4.2,4.1,4.18,7.13,29.34
07/12/2016,LTCUSD,4.2,4.2,4.1,4.2,153.12,642.4
07/11/2016,LTCUSD,4.13,4.21,4.05,4.2,260.3,1086.75
07/10/2016,LTCUSD,4.15,4.15,4.04,4.13,778.13,3190.61
07/09/2016,LTCUSD,4.25,4.25,4.01,4.15,699.94,2868.14
07/08/2016,LTCUSD,4,4.25,4,4.25,471.21,1983.13
07/07/2016,LTCUSD,4.39,4.51,3.95,4,2034.89,8476.21
07/06/2016,LTCUSD,4.55,4.55,4.35,4.39,822.21,3615.73
07/05/2016,LTCUSD,4.46,4.55,4.28,4.55,1382.98,6008.24
07/04/2016,LTCUSD,4.28,4.47,4.22,4.46,524.27,2275.92
07/03/2016,LTCUSD,4.71,4.71,4.05,4.28,2497.05,10796.76
07/02/2016,LTCUSD,4.36,4.89,4.19,4.71,1610.41,7179.79
07/01/2016,LTCUSD,4.16,4.38,4.16,4.36,2538.18,10863.91
06/30/2016,LTCUSD,4.06,4.29,4.06,4.16,1365.86,5733.98
06/29/2016,LTCUSD,4.08,4.12,3.95,4.06,220.77,899.56
06/28/2016,LTCUSD,4.09,4.25,4.08,4.08,1169.84,4870.66
06/27/2016,LTCUSD,4.03,4.29,3.98,4.09,1340.33,5528.46
06/26/2016,LTCUSD,4.28,4.37,3.94,4.03,2204.96,9011.04
06/25/2016,LTCUSD,4.34,4.53,3.92,4.28,925.71,3940.64
06/24/2016,LTCUSD,4.08,4.75,4.05,4.34,7038.89,31056.44
06/23/2016,LTCUSD,4,4.5,3.59,4.08,3373.52,13190.7
06/22/2016,LTCUSD,4.87,5,3.9,4,6039.92,26936.21
06/21/2016,LTCUSD,5.34,5.34,4.59,4.87,3666.14,17838.99
06/20/2016,LTCUSD,5.55,5.62,4.51,5.34,2512.38,13491.09
06/19/2016,LTCUSD,5.58,5.69,5.3,5.55,2187.25,12086.75
06/18/2016,LTCUSD,5.57,5.95,5.44,5.58,2713.31,15225.08
06/17/2016,LTCUSD,5.6,6.25,5.2,5.57,6555.56,36996.43
06/16/2016,LTCUSD,5.19,5.6,5.19,5.6,3446.38,18771.77
06/15/2016,LTCUSD,5.17,5.28,5.03,5.19,1927.45,9826.49
06/14/2016,LTCUSD,5.28,5.39,4.5,5.17,2906.36,15043.67
06/13/2016,LTCUSD,5.28,5.49,4.7,5.28,4513.78,23900.19
06/12/2016,LTCUSD,4.99,5.49,4.95,5.28,2300.92,12089.77
06/11/2016,LTCUSD,4.86,4.99,4.86,4.99,699.85,3447.91
06/10/2016,LTCUSD,4.76,4.87,4.74,4.86,1844.2,8873.85
06/09/2016,LTCUSD,4.8,4.81,4.68,4.76,847.57,3996.59
06/08/2016,LTCUSD,4.75,4.81,4.71,4.8,721.11,3424.85
06/07/2016,LTCUSD,4.95,5,4.69,4.75,2279.38,10927.93
06/06/2016,LTCUSD,4.89,5,4.88,4.95,972.15,4807.14
06/05/2016,LTCUSD,4.83,4.89,4.78,4.89,1139.07,5512.55
06/04/2016,LTCUSD,4.89,5,4.71,4.83,1225.1,5937.14
06/03/2016,LTCUSD,4.69,4.89,4.69,4.89,1092.48,5245.98
06/02/2016,LTCUSD,4.65,4.78,4.56,4.69,983.93,4589.37
06/01/2016,LTCUSD,4.56,4.77,4.51,4.65,1032.0,4820.34
05/31/2016,LTCUSD,4.54,4.65,4.1,4.56,883.04,3989.91
05/30/2016,LTCUSD,4.46,4.61,4.03,4.54,1318.74,5825.84
05/29/2016,LTCUSD,4.69,4.69,4.3,4.46,2794.01,12571.38
05/28/2016,LTCUSD,4.5,4.71,4.32,4.69,7033.53,32519.33
05/27/2016,LTCUSD,4,5.13,4,4.5,5337.16,23764.19
05/26/2016,LTCUSD,3.93,4.1,3.93,4,520.44,2086.89
05/25/2016,LTCUSD,3.95,4,3.89,3.93,767.78,3051.97
05/24/2016,LTCUSD,3.95,3.98,3.89,3.95,1257.96,4985.94
05/23/2016,LTCUSD,3.86,3.96,3.86,3.95,919.29,3582.42
05/22/2016,LTCUSD,3.84,3.96,3.84,3.86,809.39,3142.08
05/21/2016,LTCUSD,3.82,3.94,3.76,3.84,41.04,159.46
05/20/2016,LTCUSD,3.82,3.88,3.65,3.82,672.51,2550.18
05/19/2016,LTCUSD,3.94,4.02,3.55,3.82,1106.68,4228.31
05/18/2016,LTCUSD,4,4.04,3.92,3.94,813.52,3227.02
05/17/2016,LTCUSD,4.01,4.05,3.66,4,3954.44,15280.2
05/16/2016,LTCUSD,4.1,4.22,4,4.01,1536.36,6301.59
05/15/2016,LTCUSD,4.02,4.83,3.94,4.1,3267.09,13719.87
05/14/2016,LTCUSD,3.93,4.11,3.93,4.02,1318.04,5231.95
05/13/2016,LTCUSD,3.84,4,3.82,3.93,760.8,2982.56
05/12/2016,LTCUSD,3.86,3.95,3.64,3.84,2850.08,10689.91
05/11/2016,LTCUSD,3.79,3.95,3.79,3.86,360.05,1396.92
05/10/2016,LTCUSD,4.04,4.16,3.79,3.79,1728.9,6829.34
05/09/2016,LTCUSD,3.93,4.15,3.87,4.04,2474.76,9865.87
05/08/2016,LTCUSD,3.93,3.98,3.9,3.93,233.22,915.75
05/07/2016,LTCUSD,3.81,4.03,3.49,3.93,3464.85,13604.67
05/06/2016,LTCUSD,3.75,3.87,3.7,3.81,380.82,1439.07
05/05/2016,LTCUSD,3.73,3.79,3.69,3.75,342.3,1274.52
05/04/2016,LTCUSD,3.76,3.82,3.73,3.73,397.31,1496.22
05/03/2016,LTCUSD,3.69,3.78,3.65,3.76,509.43,1895.47
05/02/2016,LTCUSD,3.67,3.81,3.49,3.69,2351.32,8607.15
05/01/2016,LTCUSD,3.69,3.74,3.64,3.67,207.42,758.01
04/30/2016,LTCUSD,3.84,3.94,3.67,3.69,1515.8,5655.35
04/29/2016,LTCUSD,3.8,3.97,3.76,3.84,325.11,1245.83
04/28/2016,LTCUSD,3.95,3.95,3.72,3.8,1867.12,7185.14
04/27/2016,LTCUSD,4.03,4.33,3.88,3.95,4906.3,19918.22
04/26/2016,LTCUSD,3.86,4.22,3.48,4.03,1791.31,7099.59
04/25/2016,LTCUSD,3.65,4.38,3.57,3.86,2073.11,8052.31
04/24/2016,LTCUSD,3.26,3.65,3.01,3.65,1675.23,5680.06
04/23/2016,LTCUSD,3.34,3.34,3.03,3.26,1394.17,4536.27
04/22/2016,LTCUSD,3.33,3.35,3.1,3.34,1150.02,3703.41
04/21/2016,LTCUSD,3.27,3.33,3.18,3.33,482.05,1586.89
04/20/2016,LTCUSD,3.25,3.29,3.23,3.27,591.74,1937.53
04/19/2016,LTCUSD,3.24,3.27,3.22,3.25,322.96,1048.79
04/18/2016,LTCUSD,3.24,3.27,3.22,3.24,173.39,563.07
04/17/2016,LTCUSD,3.28,3.28,3.23,3.24,71.22,231.0
04/16/2016,LTCUSD,3.3,3.3,3.24,3.28,111.21,361.18
04/15/2016,LTCUSD,3.25,3.3,3.2,3.3,1142.87,3709.97
04/14/2016,LTCUSD,3.22,3.26,3.2,3.25,140.08,455.51
04/13/2016,LTCUSD,3.27,3.27,3.21,3.22,1001.98,3223.83
04/12/2016,LTCUSD,3.22,3.32,3.22,3.27,314.43,1031.34
04/11/2016,LTCUSD,3.19,3.25,3.19,3.22,214.72,696.28
04/10/2016,LTCUSD,3.22,3.25,3.15,3.19,597.89,1922.55
04/09/2016,LTCUSD,3.24,3.28,3.21,3.22,215.37,697.78
04/08/2016,LTCUSD,3.24,3.3,3.22,3.24,41.08,133.27
04/07/2016,LTCUSD,3.25,3.25,3.18,3.24,213.28,686.86
04/06/2016,LTCUSD,3.24,3.3,3.2,3.23,93.92,303.28
04/05/2016,LTCUSD,3.24,3.3,3.2,3.24,172.93,556.2
04/04/2016,LTCUSD,3.24,3.28,3.21,3.24,539.24,1745.64
04/03/2016,LTCUSD,3.25,3.28,3.24,3.24,164.81,536.12
04/02/2016,LTCUSD,3.27,3.28,3.24,3.26,108.1,354.35
04/01/2016,LTCUSD,3.3,3.3,3.23,3.27,55.87,182.71
03/31/2016,LTCUSD,3.16,3.3,3.16,3.3,284.59,924.25
03/30/2016,LTCUSD,3.23,3.23,3.16,3.16,92.41,293.94
03/29/2016,LTCUSD,3.23,3.26,2.88,3.23,861.93,2597.34
03/28/2016,LTCUSD,3.3,3.33,3.23,3.23,257.97,840.98
03/27/2016,LTCUSD,3.24,3.33,3.23,3.3,7631.33,24963.33
03/26/2016,LTCUSD,3.16,3.25,3.16,3.24,190.71,613.22
03/25/2016,LTCUSD,2.38,3.24,2.38,3.16,376.19,1184.96
03/24/2016,LTCUSD,3.19,3.25,2.38,2.38,1599.36,4892.89
03/23/2016,LTCUSD,3.24,3.26,3.17,3.19,98.89,318.46
03/22/2016,LTCUSD,3.16,3.26,3.16,3.24,149.54,482.24
03/21/2016,LTCUSD,3.16,3.22,3.13,3.16,312.77,994.56
03/20/2016,LTCUSD,3.16,3.26,3.14,3.16,223.53,716.11
03/19/2016,LTCUSD,3.14,3.21,3.14,3.16,32.86,104.57
03/18/2016,LTCUSD,3.29,3.31,3.11,3.14,475.5,1552.92
03/17/2016,LTCUSD,3.29,3.33,3.24,3.29,377.1,1239.5
03/16/2016,LTCUSD,3.29,3.29,3.22,3.29,1445.82,4694.35
03/15/2016,LTCUSD,3.29,3.3,3,3.29,1204.22,3871.37
03/14/2016,LTCUSD,3.28,3.3,2.91,3.29,724.62,2256.29
03/13/2016,LTCUSD,3.32,3.32,3.03,3.28,487.5,1563.29
03/12/2016,LTCUSD,3.3,3.36,2.91,3.32,1316.01,4241.82
03/11/2016,LTCUSD,3.22,3.42,3.22,3.3,1266.87,4239.71
03/10/2016,LTCUSD,3.25,3.35,3.21,3.22,531.54,1720.58
03/09/2016,LTCUSD,3.25,3.35,3.2,3.25,834.98,2726.29
03/08/2016,LTCUSD,3.17,3.3,3.17,3.25,374.83,1217.31
03/07/2016,LTCUSD,3.25,3.25,3.12,3.17,364.24,1166.15
03/06/2016,LTCUSD,3.11,3.25,2.86,3.25,2666.42,8538.86
03/05/2016,LTCUSD,3.24,3.24,2.63,3.11,2849.69,8983.4
03/04/2016,LTCUSD,3.21,3.33,2.97,3.24,4172.09,13414.61
03/03/2016,LTCUSD,3.25,3.33,3.03,3.21,2266.53,7317.93
03/02/2016,LTCUSD,3.37,3.41,3.07,3.25,2672.09,8708.51
03/01/2016,LTCUSD,3.38,3.42,3.32,3.37,2222.52,7541.31
02/29/2016,LTCUSD,3.39,3.48,3.38,3.38,68.57,235.52
02/28/2016,LTCUSD,3.37,3.45,3.31,3.39,152.54,516.65
02/27/2016,LTCUSD,3.34,3.43,3.34,3.37,211.88,717.0
02/26/2016,LTCUSD,3.37,3.37,3.28,3.34,719.38,2394.88
02/25/2016,LTCUSD,3.3,3.39,3.3,3.37,507.52,1692.51
02/24/2016,LTCUSD,3.41,3.41,3.24,3.3,406.78,1341.78
02/23/2016,LTCUSD,3.39,3.44,3.3,3.41,685.25,2299.66
02/22/2016,LTCUSD,3.42,3.47,3.3,3.39,1181.89,3965.98
02/21/2016,LTCUSD,3.42,3.55,3.1,3.42,3334.35,11326.96
02/20/2016,LTCUSD,3.2,3.49,3.2,3.42,1616.24,5434.16
02/19/2016,LTCUSD,3.26,3.26,3.19,3.2,1056.49,3371.55
02/18/2016,LTCUSD,3.27,3.27,3.15,3.26,285.55,910.69
02/17/2016,LTCUSD,3.14,3.27,2.89,3.27,616.91,1958.53
02/16/2016,LTCUSD,3.04,3.22,3.04,3.14,530.38,1669.65
02/15/2016,LTCUSD,3.18,3.18,2.9,3.04,256.44,794.13
02/14/2016,LTCUSD,3.04,3.18,3.04,3.18,644.74,1998.73
02/13/2016,LTCUSD,3.03,3.15,3.03,3.04,696.97,2141.82
02/12/2016,LTCUSD,2.93,3.1,2.93,3.03,429.39,1298.51
02/11/2016,LTCUSD,3.06,3.1,2.9,2.93,16500.94,49318.15
02/10/2016,LTCUSD,3.05,3.1,2.96,3.06,1330.0,4029.73
02/09/2016,LTCUSD,3.02,3.08,2.99,3.05,995.0,3009.18
02/08/2016,LTCUSD,3.03,3.08,2.93,3.02,848.63,2543.84
02/07/2016,LTCUSD,3.12,3.12,3.03,3.03,285.87,873.0
02/06/2016,LTCUSD,3.11,3.13,3.05,3.12,272.72,849.68
02/05/2016,LTCUSD,3.1,3.23,3.1,3.11,44.04,140.91
02/04/2016,LTCUSD,3.02,3.21,3.02,3.1,290.71,898.79
02/03/2016,LTCUSD,3,3.06,3,3.02,43.43,131.56
02/02/2016,LTCUSD,3.04,3.06,3,3,77.41,233.57
02/01/2016,LTCUSD,3.09,3.1,3,3.04,440.24,1348.97
01/31/2016,LTCUSD,3.07,3.1,3,3.09,509.72,1547.35
01/30/2016,LTCUSD,3.12,3.13,3.03,3.07,166.84,511.81
01/29/2016,LTCUSD,3.12,3.15,3.01,3.12,225.69,688.39
01/28/2016,LTCUSD,3.36,3.36,3.03,3.12,329.94,1053.58
01/27/2016,LTCUSD,3.13,3.36,3.13,3.36,376.5,1240.07
01/26/2016,LTCUSD,3.06,3.13,3.06,3.13,192.86,593.91
01/25/2016,LTCUSD,3.14,3.16,3.05,3.06,430.11,1329.99
01/24/2016,LTCUSD,3.11,3.21,3.04,3.14,2683.76,8299.36
01/23/2016,LTCUSD,3.03,3.15,3,3.11,549.77,1661.0
01/22/2016,LTCUSD,3.22,3.22,3.03,3.03,45.49,141.67
01/21/2016,LTCUSD,3.42,3.44,3.21,3.22,9.27,31.24
01/20/2016,LTCUSD,2.98,3.42,2.98,3.42,845.34,2656.14
01/19/2016,LTCUSD,3.07,3.1,2.98,2.98,80.59,240.52
01/18/2016,LTCUSD,3.1,3.1,2.97,3.07,8658.09,25975.56
01/17/2016,LTCUSD,3.03,3.13,3,3.1,195.81,605.48
01/16/2016,LTCUSD,3.15,3.17,2.95,3.03,1233.76,3771.3
01/15/2016,LTCUSD,3.48,3.5,3.13,3.15,1458.37,4715.28
01/14/2016,LTCUSD,3.48,3.48,3.48,3.48,11.8,41.08
01/13/2016,LTCUSD,3.61,3.61,3.41,3.49,57.74,200.51
01/12/2016,LTCUSD,3.63,3.63,3.46,3.61,251.81,899.38
01/11/2016,LTCUSD,3.53,3.63,3.53,3.63,44.64,161.96
01/10/2016,LTCUSD,3.63,3.63,3.5,3.53,32.33,114.05
01/09/2016,LTCUSD,3.54,3.65,3.53,3.63,24.39,87.02
01/08/2016,LTCUSD,3.58,3.6,3.51,3.54,116.06,411.29
01/07/2016,LTCUSD,3.44,3.58,3.44,3.58,46.56,163.36
01/06/2016,LTCUSD,3.48,3.5,3.42,3.44,15.53,53.67
01/05/2016,LTCUSD,3.43,3.48,3.43,3.48,28.98,99.93
01/04/2016,LTCUSD,3.5,3.52,3.44,3.44,178.4,618.3
01/03/2016,LTCUSD,3.5,3.5,3.45,3.5,11.04,38.59
01/02/2016,LTCUSD,3.49,3.5,3.47,3.5,2.34,8.17
01/01/2016,LTCUSD,3.48,3.49,3.48,3.49,8.0,27.87
12/31/2015,LTCUSD,3.43,3.49,3.42,3.48,28.26,96.84
12/30/2015,LTCUSD,3.5,3.52,3.43,3.43,33.64,115.76
12/29/2015,LTCUSD,3.47,3.57,3.47,3.5,81.16,285.15
12/28/2015,LTCUSD,3.51,3.51,3.47,3.47,1.3,4.53
12/27/2015,LTCUSD,3.42,3.42,3.41,3.41,3.44,11.72
12/26/2015,LTCUSD,3.66,3.68,3.42,3.42,115.44,402.61
12/25/2015,LTCUSD,3.59,3.68,3.56,3.66,3.54,12.91
12/24/2015,LTCUSD,3.58,3.68,3.58,3.59,4.14,15.16
12/23/2015,LTCUSD,3.55,3.58,3.55,3.58,23.16,82.31
12/22/2015,LTCUSD,3.46,3.55,3.42,3.45,120.45,417.58
12/21/2015,LTCUSD,3.6,3.6,3.45,3.46,147.14,513.11
12/20/2015,LTCUSD,3.74,3.74,3.5,3.6,304.69,1098.56
12/19/2015,LTCUSD,3.74,3.74,3.74,3.74,0.0,0.0
12/18/2015,LTCUSD,3.6,3.77,3.6,3.74,22.99,86.51
12/17/2015,LTCUSD,3.63,3.76,3.6,3.6,183.68,673.4
12/16/2015,LTCUSD,3.77,3.77,3.63,3.63,839.35,3078.18
12/15/2015,LTCUSD,3.52,3.77,3.42,3.77,288.49,1041.55
12/14/2015,LTCUSD,3.66,3.66,3.5,3.52,342.44,1223.3
12/13/2015,LTCUSD,3.66,3.66,3.52,3.62,47.23,166.43
12/12/2015,LTCUSD,3.77,3.8,3.5,3.66,422.17,1572.03
12/11/2015,LTCUSD,3.66,3.8,3.66,3.77,1821.52,6755.68
12/10/2015,LTCUSD,3.55,3.66,3.55,3.66,109.67,399.26
12/09/2015,LTCUSD,3.59,3.73,3.55,3.55,997.7,3671.87
12/08/2015,LTCUSD,3.6,3.66,3.5,3.59,421.32,1508.75
12/07/2015,LTCUSD,3.42,3.6,3.42,3.6,125.05,450.02
12/06/2015,LTCUSD,3.39,3.42,3.39,3.42,0.08249,0.2819
12/05/2015,LTCUSD,3.5,3.5,3.37,3.39,307.34,1048.63
12/04/2015,LTCUSD,3.37,3.5,3.35,3.5,361.55,1226.78
12/03/2015,LTCUSD,3.29,3.39,3.29,3.37,273.25,921.19
12/02/2015,LTCUSD,3.43,3.43,3.29,3.29,139.43,464.14
12/01/2015,LTCUSD,3.64,3.64,3.43,3.43,52.35,183.59
11/30/2015,LTCUSD,3.71,3.75,3.57,3.64,2137.84,8003.68
11/29/2015,LTCUSD,3.49,3.71,3.45,3.71,827.64,2977.19
11/28/2015,LTCUSD,3.42,3.49,3.42,3.49,206.14,716.8
11/27/2015,LTCUSD,3.5,3.64,3.5,3.5,3.93,14.02
11/26/2015,LTCUSD,3.19,3.71,3.19,3.48,219.91,781.02
11/25/2015,LTCUSD,3.16,3.19,2.97,3.19,51.44,160.86
11/24/2015,LTCUSD,3.13,3.16,3.08,3.16,2.25,6.99
11/23/2015,LTCUSD,3.1,3.13,3.08,3.13,1.21,3.74
11/22/2015,LTCUSD,3.13,3.13,3.1,3.1,2.12,6.63
11/21/2015,LTCUSD,3.03,3.13,3.03,3.1,1.5,4.68
11/20/2015,LTCUSD,3.08,3.13,3.03,3.03,965.98,2929.04
11/19/2015,LTCUSD,3.03,3.08,3.03,3.08,84.54,258.47
11/18/2015,LTCUSD,3.16,3.26,3.03,3.03,854.91,2705.05
11/17/2015,LTCUSD,3.05,3.16,3.05,3.16,8.79,27.39
11/16/2015,LTCUSD,3.22,3.22,3.02,3.05,159.95,485.37
11/15/2015,LTCUSD,3.27,3.27,3.03,3.22,48.77,150.18
11/14/2015,LTCUSD,3.26,3.28,3.18,3.27,7.16,23.18
11/13/2015,LTCUSD,3.14,3.29,3.1,3.26,240.25,767.58
11/12/2015,LTCUSD,2.86,3.14,2.86,3.14,38.76,121.61
11/11/2015,LTCUSD,3.01,3.04,2.86,2.86,292.61,874.93
11/10/2015,LTCUSD,3.25,3.3,2.95,3.01,1111.71,3400.42
11/09/2015,LTCUSD,3.5,3.5,3.25,3.25,37.76,122.75
11/08/2015,LTCUSD,3.55,3.55,3.3,3.5,271.52,910.36
11/07/2015,LTCUSD,3.44,3.68,3.44,3.55,1.81,6.41
11/06/2015,LTCUSD,3.95,3.95,3.37,3.57,1648.33,5951.66
11/05/2015,LTCUSD,4,4,3.55,3.95,504.63,1922.12
11/04/2015,LTCUSD,4.2,5.01,4,4,1487.46,6873.44
11/03/2015,LTCUSD,4,4.75,3.67,4.2,1216.34,5171.51
11/02/2015,LTCUSD,3.67,4,3.67,4,187.37,748.06
11/01/2015,LTCUSD,3.69,3.69,3.61,3.67,3.14,11.4
10/31/2015,LTCUSD,3.95,3.99,3.69,3.69,687.15,2586.55
10/30/2015,LTCUSD,3.8,4.2,3.01,3.95,668.39,2666.55
10/29/2015,LTCUSD,2.99,3.8,2.99,3.8,701.45,2336.83
10/28/2015,LTCUSD,3.05,3.1,2.99,2.99,85.62,260.3
10/27/2015,LTCUSD,3.13,3.15,3.05,3.05,2.75,8.54
10/26/2015,LTCUSD,3.14,3.14,3.01,3.13,5.0,15.17
10/25/2015,LTCUSD,2.96,3.15,2.96,3.14,112.58,335.83
10/24/2015,LTCUSD,3.15,3.15,3.15,3.15,0.0,0.0
10/23/2015,LTCUSD,3,3.15,3,3.15,10.51,31.61
10/22/2015,LTCUSD,3.03,3.14,3.02,3.02,20.42,61.99
10/21/2015,LTCUSD,3.12,3.12,3.03,3.1,20.47,63.33
10/20/2015,LTCUSD,3.01,3.12,3.01,3.12,17.45,52.71
10/19/2015,LTCUSD,2.93,3.03,2.92,2.96,80.9,239.51
10/18/2015,LTCUSD,3.01,3.02,2.93,2.93,197.32,589.71
10/17/2015,LTCUSD,3.07,3.17,3.01,3.01,79.18,240.03
10/16/2015,LTCUSD,3.41,3.41,3.06,3.07,18.7,57.6
10/15/2015,LTCUSD,3.16,3.16,3.07,3.08,36.34,114.48
10/14/2015,LTCUSD,3.21,3.21,3.07,3.07,23.99,76.73
10/13/2015,LTCUSD,3.11,3.11,3.07,3.07,25.0,76.78
10/12/2015,LTCUSD,3.11,3.11,3.11,3.11,11.74,36.51
10/11/2015,LTCUSD,3.1,3.2,3.1,3.2,397.28,1245.64
10/10/2015,LTCUSD,3.1,3.1,3.04,3.04,6.55,19.94
10/09/2015,LTCUSD,3.01,3.13,3.01,3.13,2.34,7.27
10/08/2015,LTCUSD,3.12,3.12,3,3.09,7.08,21.31
10/07/2015,LTCUSD,3.12,3.12,3.12,3.12,0.99,3.09
10/06/2015,LTCUSD,3.01,3.14,3.01,3.14,2.1,6.47
10/05/2015,LTCUSD,3.05,3.05,2.98,3.02,4.67,14.02
10/04/2015,LTCUSD,3.05,3.05,3.05,3.05,0.83,2.53
10/03/2015,LTCUSD,2.98,3.05,2.98,3.05,1.42,4.33
10/02/2015,LTCUSD,3.02,3.02,2.98,2.98,46.33,138.7
10/01/2015,LTCUSD,3.06,3.06,2.95,3.02,2.53,7.57
09/30/2015,LTCUSD,3,3.06,2.77,3.06,3.86,11.53
09/29/2015,LTCUSD,3.02,3.03,3,3,31.01,93.98
09/28/2015,LTCUSD,2.89,3.02,2.89,3.02,79.45,230.03
09/27/2015,LTCUSD,2.96,2.96,2.81,2.89,2.16,6.17
09/26/2015,LTCUSD,2.96,2.96,2.96,2.96,0.0,0.0
09/25/2015,LTCUSD,2.92,2.96,2.92,2.96,0.406,1.2
09/24/2015,LTCUSD,2.9,2.92,2.9,2.92,0.9,2.62
09/23/2015,LTCUSD,2.89,2.92,2.89,2.9,78.1,226.64
09/22/2015,LTCUSD,2.86,2.9,2.86,2.89,8.22,23.58
09/21/2015,LTCUSD,2.9,2.9,2.86,2.86,0.3045,0.8721
09/20/2015,LTCUSD,2.95,2.95,2.9,2.9,15.28,44.38
09/19/2015,LTCUSD,3,3,2.95,2.95,0.9,2.66
09/18/2015,LTCUSD,2.98,3,2.56,3,843.12,2172.8
09/17/2015,LTCUSD,2.73,2.98,2.73,2.98,3.03,8.75
09/16/2015,LTCUSD,2.8,2.8,2.73,2.73,178.62,499.71
09/15/2015,LTCUSD,2.87,2.87,2.8,2.8,242.85,688.2
09/14/2015,LTCUSD,2.82,2.87,2.82,2.87,0.7069,2.02
09/13/2015,LTCUSD,2.99,2.99,2.8,2.82,571.28,1606.62
09/12/2015,LTCUSD,2.99,2.99,2.95,2.99,0.4609,1.37
09/11/2015,LTCUSD,3,3,2.92,2.99,4.27,12.52
09/10/2015,LTCUSD,2.99,3,2.99,3,4.94,14.8
09/09/2015,LTCUSD,3.16,3.16,2.99,2.99,39.88,119.99
09/08/2015,LTCUSD,3.16,3.16,3.16,3.16,0.0,0.0
09/07/2015,LTCUSD,3.16,3.16,3.16,3.16,0.0,0.0
09/06/2015,LTCUSD,2.93,3.16,2.93,3.16,11.5,36.38
09/05/2015,LTCUSD,2.65,2.93,2.65,2.93,197.63,554.16
09/04/2015,LTCUSD,2.67,2.67,2.65,2.65,162.0,428.58
09/03/2015,LTCUSD,2.75,2.78,2.67,2.67,493.49,1332.79
09/02/2015,LTCUSD,2.82,2.82,2.75,2.75,2.04,5.6
09/01/2015,LTCUSD,3,3,2.82,2.82,16.21,45.65
08/31/2015,LTCUSD,2.87,3,2.87,3,0.1,0.3
08/30/2015,LTCUSD,2.85,2.88,2.85,2.87,15.64,44.9
08/29/2015,LTCUSD,3.01,3.01,2.84,2.85,2.99,8.49
08/28/2015,LTCUSD,3.14,3.14,2.8,3.01,156.69,448.15
08/27/2015,LTCUSD,2.98,3.15,2.97,3.14,108.24,337.81
08/26/2015,LTCUSD,3.11,3.2,2.98,2.98,633.24,1939.07
08/25/2015,LTCUSD,3,3.11,2.71,3.11,224.87,653.16
08/24/2015,LTCUSD,3.51,3.51,2.96,3,235.63,706.36
08/23/2015,LTCUSD,3.53,3.53,3.51,3.51,0.2849,1.0
08/22/2015,LTCUSD,3.68,3.68,3.53,3.53,310.46,1095.85
08/21/2015,LTCUSD,3.66,3.68,3.23,3.68,1264.94,4574.79
08/20/2015,LTCUSD,3.56,3.69,3.56,3.66,1368.8,5013.11
08/19/2015,LTCUSD,4,4,3,3.56,844.55,2997.46
08/18/2015,LTCUSD,4.06,4.06,3.8,4,289.6,1153.49
08/17/2015,LTCUSD,3.8,4.95,3.8,4.06,6.02,23.71
08/16/2015,LTCUSD,4.12,4.12,3.78,3.8,50.62,205.03
08/15/2015,LTCUSD,4,4.12,4,4.12,29.23,120.55
08/14/2015,LTCUSD,3.84,4.01,3.84,4,253.45,1013.69
08/13/2015,LTCUSD,3.9,3.97,3.84,3.84,226.91,882.03
08/12/2015,LTCUSD,3.84,4.19,3.84,3.9,154.74,608.44
08/11/2015,LTCUSD,3.84,4.08,3.84,3.84,367.25,1428.86
08/10/2015,LTCUSD,3.88,3.99,3.84,3.84,2.21,8.6
08/09/2015,LTCUSD,3.95,3.95,3.88,3.88,215.87,850.5
08/08/2015,LTCUSD,3.95,4.21,3.92,3.95,144.99,571.41
08/07/2015,LTCUSD,4,4,3.95,3.95,13.1,51.81
08/06/2015,LTCUSD,4.01,4.24,4,4,413.94,1675.52
08/05/2015,LTCUSD,4.01,4.01,4.01,4.01,0.0,0.0
08/04/2015,LTCUSD,4.01,4.01,4.01,4.01,0.0,0.0
08/03/2015,LTCUSD,4.01,4.01,4.01,4.01,0.0,0.0
08/02/2015,LTCUSD,4.59,4.59,4.01,4.01,54.72,219.44
08/01/2015,LTCUSD,4.66,4.66,3.92,4.59,669.34,2684.42
07/31/2015,LTCUSD,4.88,4.88,4.64,4.66,196.58,916.03
07/30/2015,LTCUSD,4.88,4.88,4.88,4.88,0.0,0.0
07/29/2015,LTCUSD,5.15,5.15,4.88,4.88,3.02,15.11
07/28/2015,LTCUSD,4.7,5.15,4.7,5.15,262.57,1314.57
07/27/2015,LTCUSD,4.7,4.7,4.7,4.7,0.0,0.0
07/26/2015,LTCUSD,4.47,4.7,4.47,4.7,211.94,986.11
07/25/2015,LTCUSD,4.5,5.04,4.46,4.47,415.01,1983.37
07/24/2015,LTCUSD,3.5,4.8,3.5,4.5,185.96,812.04
07/23/2015,LTCUSD,3.89,3.89,3.5,3.5,300.0,1067.89
07/22/2015,LTCUSD,4,4,3.89,3.89,500.0,1944.92
07/21/2015,LTCUSD,3.62,4,3.62,4,82.23,321.13
07/20/2015,LTCUSD,3.62,3.62,3.62,3.62,0.0,0.0
07/19/2015,LTCUSD,3.93,4,3.6,3.62,117.52,425.88
07/18/2015,LTCUSD,3.84,4.15,3.84,3.93,12.34,50.28
07/17/2015,LTCUSD,3.33,3.94,3.33,3.84,42.53,163.52
07/16/2015,LTCUSD,4.45,4.45,3.33,3.33,208.08,737.51
07/15/2015,LTCUSD,4.57,4.57,4.45,4.45,22.47,100.0
07/14/2015,LTCUSD,4.63,4.63,4.57,4.57,7.35,33.64
07/13/2015,LTCUSD,5.42,5.42,3.91,4.63,3186.93,14059.87
07/12/2015,LTCUSD,4.6,5.6,4.6,5.42,465.87,2307.23
07/11/2015,LTCUSD,4.68,4.68,3.54,4.6,423.06,1598.82
07/10/2015,LTCUSD,7.76,8.79,4.33,4.95,1610.22,10141.88
07/09/2015,LTCUSD,6,7.94,6,7.76,601.03,4380.15
07/08/2015,LTCUSD,5.45,6,5.13,6,276.02,1569.05
07/07/2015,LTCUSD,5.55,5.55,4.8,5.45,503.5,2484.59
07/06/2015,LTCUSD,4.7,6,4.7,5.55,490.44,2674.65
07/05/2015,LTCUSD,4.07,4.7,4.07,4.7,150.09,666.63
07/04/2015,LTCUSD,4.05,4.23,4.05,4.07,449.24,1898.56
07/03/2015,LTCUSD,4.11,4.11,4.04,4.05,2.27,9.19
07/02/2015,LTCUSD,4.09,4.11,4.01,4.11,78.83,321.85
07/01/2015,LTCUSD,4.2,4.2,4.09,4.09,0.09,0.3679
06/30/2015,LTCUSD,3.8,4.39,3.8,4.2,1432.2,5976.97
06/29/2015,LTCUSD,3.1,3.8,3.1,3.8,205.15,743.72
06/28/2015,LTCUSD,3.05,3.1,3.05,3.1,93.69,287.73
06/27/2015,LTCUSD,2.87,3.05,2.87,3.05,615.21,1875.13
06/26/2015,LTCUSD,2.87,2.87,2.87,2.87,0.0,0.0
06/25/2015,LTCUSD,2.85,2.87,2.77,2.87,1073.92,2999.99
06/24/2015,LTCUSD,3,3,2.85,2.85,11.87,33.82
06/23/2015,LTCUSD,3,3,3,3,6.06,18.18
06/22/2015,LTCUSD,3.05,3.05,2.94,3,14.29,42.88
06/21/2015,LTCUSD,3.09,3.09,3.05,3.05,19.25,58.67
06/20/2015,LTCUSD,2.9,3.09,2.9,3.09,1105.75,3325.97
06/19/2015,LTCUSD,3.1,3.1,2.89,2.9,1137.01,3297.06
06/18/2015,LTCUSD,2.82,3.23,2.82,3.1,1110.11,3338.73
06/17/2015,LTCUSD,2.68,3.1,2.68,2.82,620.24,1847.56
06/16/2015,LTCUSD,1.93,2.68,1.93,2.68,124.46,325.04
06/15/2015,LTCUSD,1.93,1.93,1.93,1.93,0.0,0.0
06/14/2015,LTCUSD,1.75,2,1.75,1.93,46.0,88.83
06/13/2015,LTCUSD,1.75,1.75,1.75,1.75,0.0,0.0
06/12/2015,LTCUSD,1.75,1.75,1.75,1.75,0.0,0.0
06/11/2015,LTCUSD,1.65,1.75,1.65,1.75,59.75,104.51
06/10/2015,LTCUSD,1.65,1.65,1.65,1.65,0.0,0.0
06/09/2015,LTCUSD,1.65,1.65,1.65,1.65,0.0,0.0
06/08/2015,LTCUSD,1.65,1.65,1.65,1.65,0.0,0.0
06/07/2015,LTCUSD,1.65,1.65,1.65,1.65,0.0,0.0
06/06/2015,LTCUSD,1.65,1.65,1.65,1.65,0.0,0.0
06/05/2015,LTCUSD,1.65,1.65,1.65,1.65,0.0,0.0
06/04/2015,LTCUSD,1.67,1.67,1.65,1.65,7.61,12.57
06/03/2015,LTCUSD,1.67,1.67,1.67,1.67,0.0,0.0
06/02/2015,LTCUSD,1.63,1.67,1.63,1.67,1.13,1.89
06/01/2015,LTCUSD,1.75,1.75,1.63,1.63,32.77,56.33
05/31/2015,LTCUSD,1.81,1.81,1.75,1.75,0.1373,0.2403
05/30/2015,LTCUSD,1.85,1.85,1.81,1.81,71.0,128.51
05/29/2015,LTCUSD,1.79,1.85,1.79,1.85,2.39,4.37
05/28/2015,LTCUSD,1.79,1.79,1.79,1.79,0.0,0.0
05/27/2015,LTCUSD,1.76,1.87,1.76,1.79,84.9,152.64
05/26/2015,LTCUSD,1.75,1.77,1.75,1.76,84.0,148.35
05/25/2015,LTCUSD,1.76,1.86,1.75,1.75,1.94,3.42
05/24/2015,LTCUSD,1.83,1.83,1.76,1.76,0.6837,1.2
05/23/2015,LTCUSD,1.75,1.85,1.75,1.83,81.89,147.19
05/22/2015,LTCUSD,1.44,1.9,1.44,1.75,1929.9,3629.53
05/21/2015,LTCUSD,1.44,1.44,1.44,1.44,0.0,0.0
05/20/2015,LTCUSD,1.45,1.45,1.44,1.44,0.1,0.144
05/19/2015,LTCUSD,1.47,1.47,1.45,1.45,0.8929,1.3
05/18/2015,LTCUSD,1.47,1.47,1.47,1.47,0.2976,0.4372
05/17/2015,LTCUSD,1.45,1.47,1.45,1.47,0.1234,0.1813
05/16/2015,LTCUSD,1.45,1.45,1.45,1.45,0.0,0.0
05/15/2015,LTCUSD,1.45,1.45,1.45,1.45,0.0,0.0
05/14/2015,LTCUSD,1.52,1.52,1.45,1.45,1.91,2.77
05/13/2015,LTCUSD,1.52,1.52,1.52,1.52,0.0,0.0
05/12/2015,LTCUSD,1.52,1.52,1.52,1.52,0.0,0.0
05/11/2015,LTCUSD,1.48,1.52,1.47,1.52,33.46,50.92
05/10/2015,LTCUSD,2.17,2.68,1.44,1.48,772.02,1592.01
05/09/2015,LTCUSD,1.49,2.17,1.46,2.17,259.16,391.85
05/08/2015,LTCUSD,2.8,2.8,1.46,1.49,250.03,384.54
05/07/2015,LTCUSD,1.43,3.14,1.41,2.8,1175.24,2237.17
05/06/2015,LTCUSD,1.43,1.43,1.43,1.43,0.0,0.0
05/05/2015,LTCUSD,1.46,1.47,1.43,1.43,248.42,360.46
05/04/2015,LTCUSD,1.46,1.46,1.4,1.46,300.37,426.13
05/03/2015,LTCUSD,1.44,1.5,1.38,1.46,597.59,878.63
05/02/2015,LTCUSD,1.45,1.45,1.37,1.44,208.73,297.13
05/01/2015,LTCUSD,1.5,1.5,1.3,1.45,387.29,526.02
04/30/2015,LTCUSD,4.5,4.5,1.41,1.5,411.38,675.06
04/29/2015,LTCUSD,1.41,8.5,1.32,4.5,2842.05,6282.77
04/28/2015,LTCUSD,3,3,1.26,1.41,1757.69,2353.96
04/27/2015,LTCUSD,1.25,3,1.25,3,465.85,762.28
04/26/2015,LTCUSD,1.4,4.1,1.25,1.25,504.01,722.89
04/25/2015,LTCUSD,1.42,1.42,1.4,1.4,0.6985,0.9779
04/24/2015,LTCUSD,1.4,3.1,1.4,1.42,243.25,365.9
04/23/2015,LTCUSD,1.61,1.61,1.4,1.4,35.1,51.69
04/22/2015,LTCUSD,1.38,1.61,1.38,1.61,686.3,982.7
04/21/2015,LTCUSD,1.36,1.46,1.36,1.38,1329.8,1875.44
04/20/2015,LTCUSD,1.36,1.36,1.36,1.36,0.0,0.0
04/19/2015,LTCUSD,1.48,1.48,1.36,1.36,201.48,277.48
04/18/2015,LTCUSD,1.48,1.48,1.48,1.48,0.0,0.0
04/17/2015,LTCUSD,1.31,1.48,1.31,1.48,10.0,14.8
04/16/2015,LTCUSD,1.28,1.44,1.28,1.31,132.34,183.35
04/15/2015,LTCUSD,1.65,1.65,1.28,1.28,0.5152,0.6804
04/14/2015,LTCUSD,1.76,1.76,0.44,1.65,10.91,13.73
04/13/2015,LTCUSD,1.32,1.76,1.32,1.76,104.93,140.13
04/12/2015,LTCUSD,1.45,1.45,1.32,1.32,6.64,8.76
04/11/2015,LTCUSD,1.5,1.5,1.45,1.45,10.65,15.7
04/10/2015,LTCUSD,1.77,1.77,1.5,1.5,2.0,3.01
04/09/2015,LTCUSD,1.77,1.77,1.77,1.77,0.0,0.0
04/08/2015,LTCUSD,1.77,1.77,1.77,1.77,0.0,0.0
04/07/2015,LTCUSD,1.77,1.77,1.77,1.77,0.0,0.0
04/06/2015,LTCUSD,1.77,1.77,1.77,1.77,0.0,0.0
04/05/2015,LTCUSD,1.77,1.77,1.77,1.77,0.0,0.0
04/04/2015,LTCUSD,1.77,1.77,1.77,1.77,0.0,0.0
04/03/2015,LTCUSD,1.77,1.77,1.77,1.77,0.0,0.0
04/02/2015,LTCUSD,1.77,1.77,1.77,1.77,0.0,0.0
04/01/2015,LTCUSD,1.77,1.77,1.77,1.77,0.0,0.0
03/31/2015,LTCUSD,1.77,1.77,1.77,1.77,0.0,0.0
03/30/2015,LTCUSD,1.77,1.77,1.77,1.77,0.0,0.0
03/29/2015,LTCUSD,1.77,1.77,1.77,1.77,0.0,0.0
03/28/2015,LTCUSD,1.77,1.77,1.77,1.77,0.0,0.0
03/27/2015,LTCUSD,1.77,1.77,1.77,1.77,0.0,0.0
03/26/2015,LTCUSD,1.77,1.77,1.77,1.77,0.0,0.0
03/25/2015,LTCUSD,1.5,2.49,1.5,1.77,8.06,16.59
03/24/2015,LTCUSD,1.76,1.76,1.5,1.5,36.38,56.99
03/23/2015,LTCUSD,1.76,1.76,1.76,1.76,0.0,0.0
03/22/2015,LTCUSD,1.76,1.76,1.76,1.76,0.0,0.0
03/21/2015,LTCUSD,1.86,1.86,1.76,1.76,0.8488,1.49
03/20/2015,LTCUSD,1.86,1.86,1.86,1.86,150.0,279.0
03/19/2015,LTCUSD,1.76,1.86,1.76,1.86,2.61,4.67
03/18/2015,LTCUSD,1.99,1.99,1.76,1.76,128.96,256.82
03/17/2015,LTCUSD,1.99,1.99,1.99,1.99,2.39,4.76
03/16/2015,LTCUSD,1.99,1.99,1.99,1.99,5.0,9.97
03/15/2015,LTCUSD,1.99,1.99,1.99,1.99,0.7305,1.46
03/14/2015,LTCUSD,2.06,2.06,1.89,1.99,500.73,946.69
03/13/2015,LTCUSD,1.91,2.06,1.91,2.06,0.3599,0.7414
03/12/2015,LTCUSD,2.08,2.08,1.91,1.91,11.0,21.02
03/11/2015,LTCUSD,2.07,2.08,2.07,2.08,40.0,83.06
03/10/2015,LTCUSD,2.07,2.07,2.07,2.07,1.38,2.87
03/09/2015,LTCUSD,1.77,2.07,1.77,2.07,289.83,599.86
03/08/2015,LTCUSD,2,2,1.77,1.77,0.02562,0.04538
03/07/2015,LTCUSD,2,2,2,2,0.0,0.0
03/06/2015,LTCUSD,2,2,2,2,0.0,0.0
03/05/2015,LTCUSD,1.84,2,1.84,2,44.04,87.46
03/04/2015,LTCUSD,2.02,2.02,1.84,1.84,4.04,7.46
03/03/2015,LTCUSD,1.95,2.03,1.95,2.02,37.46,75.81
03/02/2015,LTCUSD,1.92,1.95,1.82,1.95,15.06,29.26
03/01/2015,LTCUSD,1.92,1.92,1.92,1.92,0.0,0.0
02/28/2015,LTCUSD,1.5,1.93,1.5,1.92,481.71,923.21
02/27/2015,LTCUSD,1.5,1.5,1.5,1.5,0.0,0.0
02/26/2015,LTCUSD,1.5,1.5,1.5,1.5,0.0,0.0
02/25/2015,LTCUSD,1.5,1.5,1.5,1.5,0.0,0.0
02/24/2015,LTCUSD,1.5,1.5,1.5,1.5,0.0,0.0
02/23/2015,LTCUSD,1.5,1.5,1.5,1.5,0.0,0.0
02/22/2015,LTCUSD,1.5,1.5,1.5,1.5,0.0,0.0
02/21/2015,LTCUSD,1.5,1.5,1.5,1.5,0.0,0.0
02/20/2015,LTCUSD,1.5,1.5,1.5,1.5,0.0,0.0
02/19/2015,LTCUSD,1.5,1.5,1.5,1.5,0.0,0.0
02/18/2015,LTCUSD,1.5,1.5,1.5,1.5,0.0,0.0
02/17/2015,LTCUSD,1.75,1.75,1.5,1.5,0.0717,0.1076
02/16/2015,LTCUSD,1.75,1.75,1.75,1.75,0.0,0.0
02/15/2015,LTCUSD,1.88,1.91,1.75,1.75,95.54,167.79
02/14/2015,LTCUSD,1.88,1.88,1.68,1.88,31.52,56.4
02/13/2015,LTCUSD,1.89,1.89,1.8,1.88,0.3815,0.6999
02/12/2015,LTCUSD,1.89,1.89,1.89,1.89,0.0,0.0
02/11/2015,LTCUSD,1.89,1.89,1.89,1.89,0.0,0.0
02/10/2015,LTCUSD,1.89,1.89,1.89,1.89,0.0,0.0
02/09/2015,LTCUSD,1.89,1.89,1.89,1.89,0.0,0.0
02/08/2015,LTCUSD,1.89,1.89,1.89,1.89,0.0,0.0
02/07/2015,LTCUSD,1.89,1.89,1.89,1.89,0.0,0.0
02/06/2015,LTCUSD,1.89,1.89,1.89,1.89,0.0,0.0
02/05/2015,LTCUSD,1.89,1.89,1.89,1.89,0.0,0.0
02/04/2015,LTCUSD,1.89,1.89,1.89,1.89,0.0,0.0
02/03/2015,LTCUSD,2.16,2.16,1.89,1.89,0.3853,0.7283
02/02/2015,LTCUSD,2.16,2.16,2.16,2.16,0.0,0.0
02/01/2015,LTCUSD,2.16,2.16,2.16,2.16,0.0,0.0
01/31/2015,LTCUSD,2.16,2.16,2.16,2.16,0.0,0.0
01/30/2015,LTCUSD,2,2.16,2,2.16,1.82,3.93
01/29/2015,LTCUSD,2,2,2,2,0.0,0.0
01/28/2015,LTCUSD,2.16,2.23,1.74,2,3.6,7.1
01/27/2015,LTCUSD,2.54,2.54,1.5,2.16,99.63,168.68
01/26/2015,LTCUSD,2.12,2.54,2.12,2.54,19.69,50.0
01/25/2015,LTCUSD,1.95,2.12,1.95,2.12,2.02,4.29
01/24/2015,LTCUSD,1.39,1.95,1.39,1.95,800.88,1526.79
01/23/2015,LTCUSD,1.28,1.39,1.28,1.39,30.0,41.7
01/22/2015,LTCUSD,1.28,1.28,1.28,1.28,0.0,0.0
01/21/2015,LTCUSD,1.62,1.62,1.28,1.28,799.0,1021.7
01/20/2015,LTCUSD,1.62,1.62,1.62,1.62,0.0,0.0
01/19/2015,LTCUSD,1.62,1.62,1.62,1.62,0.0,0.0
01/18/2015,LTCUSD,1.62,1.62,1.62,1.62,0.0,0.0
01/17/2015,LTCUSD,1.62,1.62,1.62,1.62,0.0,0.0
01/16/2015,LTCUSD,1.2,1.62,1.2,1.62,0.0712,0.11
01/15/2015,LTCUSD,1.2,1.2,1.2,1.2,0.0,0.0
01/14/2015,LTCUSD,1.82,1.82,1.2,1.2,0.6927,0.8517
01/13/2015,LTCUSD,1.82,1.82,1.82,1.82,0.0,0.0
01/12/2015,LTCUSD,1.82,1.82,1.82,1.82,0.0,0.0
01/11/2015,LTCUSD,1.82,1.82,1.82,1.82,0.8626,1.57
01/10/2015,LTCUSD,1.99,1.99,1.75,1.82,471.44,858.01
01/09/2015,LTCUSD,2.15,2.15,1.99,1.99,50.0,99.5
01/08/2015,LTCUSD,2.15,2.15,2.15,2.15,3.81,8.18
01/07/2015,LTCUSD,2.37,2.37,1.95,2.15,150.92,323.41
01/06/2015,LTCUSD,1.92,2.37,1.92,2.37,3.77,8.95
01/05/2015,LTCUSD,1.92,1.92,1.92,1.92,0.0,0.0
01/04/2015,LTCUSD,2.2,2.2,1.92,1.92,414.8,863.29
01/03/2015,LTCUSD,2.7,2.7,2.2,2.2,1175.61,2600.4
01/02/2015,LTCUSD,2.7,2.7,2.7,2.7,0.0,0.0
01/01/2015,LTCUSD,2.7,2.7,2.7,2.7,22.0,59.44
12/31/2014,LTCUSD,2.7,2.7,2.7,2.7,0.3976,1.07
12/30/2014,LTCUSD,2.65,2.71,2.65,2.7,722.84,1940.84
12/29/2014,LTCUSD,2.85,2.85,2.42,2.65,362.46,960.75
12/28/2014,LTCUSD,2.85,2.85,2.85,2.85,0.0,0.0
12/27/2014,LTCUSD,2.85,2.85,2.85,2.85,0.0,0.0
12/26/2014,LTCUSD,2.85,2.85,2.85,2.85,0.0,0.0
12/25/2014,LTCUSD,2.85,2.85,2.85,2.85,0.0,0.0
12/24/2014,LTCUSD,2.85,2.85,2.85,2.85,101.15,288.28
12/23/2014,LTCUSD,3.05,3.05,2.85,2.85,0.0378,0.1077
12/22/2014,LTCUSD,2.9,3.05,2.9,3.05,0.9019,2.75
12/21/2014,LTCUSD,2.99,2.99,2.9,2.9,0.1,0.29
12/20/2014,LTCUSD,3.01,3.01,2.99,2.99,0.3321,0.9931
12/19/2014,LTCUSD,2.86,3.2,2.86,3.01,7.52,23.39
12/18/2014,LTCUSD,2.86,2.86,2.86,2.86,0.0,0.0
12/17/2014,LTCUSD,3.12,3.12,2.86,2.86,4.38,12.69
12/16/2014,LTCUSD,3.61,3.61,3.12,3.12,1.0,3.12
12/15/2014,LTCUSD,3.61,3.61,3.61,3.61,0.0,0.0
12/14/2014,LTCUSD,3.07,3.61,3.07,3.61,1.31,4.68
12/13/2014,LTCUSD,3.07,3.07,3.07,3.07,0.0,0.0
12/12/2014,LTCUSD,3.59,3.59,3.07,3.07,1.11,3.46
12/11/2014,LTCUSD,3.59,3.59,3.59,3.59,0.0,0.0
12/10/2014,LTCUSD,3.6,3.6,3.45,3.59,6.38,22.98
12/09/2014,LTCUSD,3.61,3.81,3.6,3.6,11.55,41.72
12/08/2014,LTCUSD,3.61,3.61,3.61,3.61,0.0,0.0
12/07/2014,LTCUSD,3.61,3.61,3.61,3.61,0.0,0.0
12/06/2014,LTCUSD,3.6,3.61,3.57,3.61,3.93,14.2
12/05/2014,LTCUSD,3.42,3.6,3.42,3.6,20.05,72.18
12/04/2014,LTCUSD,3.64,3.64,3.42,3.42,9.68,33.13
12/03/2014,LTCUSD,3.56,3.64,3.56,3.64,0.6396,2.33
12/02/2014,LTCUSD,3.56,3.56,3.56,3.56,0.0,0.0
12/01/2014,LTCUSD,3.53,3.56,3.53,3.56,9.29,33.07
11/30/2014,LTCUSD,3.53,3.53,3.53,3.53,0.0,0.0
11/29/2014,LTCUSD,3.53,3.53,3.53,3.53,0.0,0.0
11/28/2014,LTCUSD,3.35,3.53,3.35,3.53,2.82,9.95
11/27/2014,LTCUSD,3.94,3.94,3.35,3.35,7.53,25.25
11/26/2014,LTCUSD,3.69,3.94,3.69,3.94,4.51,17.75
11/25/2014,LTCUSD,3.69,3.69,3.69,3.69,0.0,0.0
11/24/2014,LTCUSD,3.69,3.69,3.69,3.69,0.0,0.0
11/23/2014,LTCUSD,3.69,3.69,3.69,3.69,0.0,0.0
11/22/2014,LTCUSD,3.69,3.69,3.69,3.69,0.0,0.0
11/21/2014,LTCUSD,3.69,3.69,3.69,3.69,0.0,0.0
11/20/2014,LTCUSD,3.96,3.96,3.69,3.69,6.67,24.6
11/19/2014,LTCUSD,3.97,3.97,3.96,3.96,8.42,33.35
11/18/2014,LTCUSD,3.97,3.97,3.97,3.97,0.0,0.0
11/17/2014,LTCUSD,4,4,3.97,3.97,0.12,0.4764
11/16/2014,LTCUSD,4,4,4,4,0.0,0.0
11/15/2014,LTCUSD,4,4,4,4,0.0,0.0
11/14/2014,LTCUSD,4,4,4,4,0.0,0.0
11/13/2014,LTCUSD,3.26,4,3.26,4,17.0,68.0
11/12/2014,LTCUSD,3.26,3.26,3.26,3.26,0.0,0.0
11/11/2014,LTCUSD,3.08,3.26,3.08,3.26,24.52,79.86
11/10/2014,LTCUSD,3.62,3.62,3.08,3.08,0.09242,0.2849
11/09/2014,LTCUSD,3.62,3.62,3.62,3.62,0.0,0.0
11/08/2014,LTCUSD,3.49,3.62,3.49,3.62,0.07181,0.2572
11/07/2014,LTCUSD,3.96,3.96,3.49,3.49,57.8,201.65
11/06/2014,LTCUSD,3.8,3.96,3.8,3.96,0.09152,0.3626
11/05/2014,LTCUSD,3.16,3.16,3.16,3.16,0.0,0.0
11/04/2014,LTCUSD,3.16,3.16,3.16,3.16,0.0,0.0
11/03/2014,LTCUSD,3.16,3.16,3.16,3.16,0.0,0.0
11/02/2014,LTCUSD,3.44,3.44,3.16,3.16,3.0,9.47
11/01/2014,LTCUSD,3.7,3.7,3.44,3.44,169.47,582.77
10/31/2014,LTCUSD,4.25,4.25,3.7,3.7,5.67,20.97
10/30/2014,LTCUSD,3.81,4.25,3.81,4.25,97.59,414.55
10/29/2014,LTCUSD,3.73,3.81,3.73,3.81,1.23,4.69
10/28/2014,LTCUSD,4.19,4.19,3.73,3.73,31.05,115.85
10/27/2014,LTCUSD,3.96,4.19,3.96,4.19,0.1962,0.822
10/26/2014,LTCUSD,3.96,3.96,3.96,3.96,0.0,0.0
10/25/2014,LTCUSD,3.96,3.96,3.96,3.96,0.0,0.0
10/24/2014,LTCUSD,3.63,4.23,3.34,3.96,117.56,443.45
10/23/2014,LTCUSD,3.72,3.72,3.63,3.63,11.22,41.11
10/22/2014,LTCUSD,3.72,3.72,3.72,3.72,0.0,0.0
10/21/2014,LTCUSD,3.73,3.73,3.72,3.72,0.0576,0.2142
10/20/2014,LTCUSD,3.99,4.48,3.73,3.73,1.43,6.38
10/19/2014,LTCUSD,3.99,3.99,3.99,3.99,0.0,0.0
10/18/2014,LTCUSD,3.99,3.99,3.99,3.99,0.0,0.0
10/17/2014,LTCUSD,4.01,4.01,3.99,3.99,0.024,0.09586
10/16/2014,LTCUSD,4.01,4.01,4.01,4.01,0.0,0.0
10/15/2014,LTCUSD,4.01,4.01,4.01,4.01,0.0,0.0
10/14/2014,LTCUSD,4.02,4.02,4.01,4.01,49.0,196.49
10/13/2014,LTCUSD,3.89,4.02,3.89,4.02,1.0,4.02
10/12/2014,LTCUSD,3.8,3.9,3.72,3.89,98.95,371.62
10/11/2014,LTCUSD,3.32,3.84,3.32,3.8,657.34,2497.67
10/10/2014,LTCUSD,4.08,4.52,3.32,3.32,1.34,6.04
10/09/2014,LTCUSD,3.93,4.08,3.93,4.08,22.95,91.88
10/08/2014,LTCUSD,3.76,3.97,3.76,3.93,27.58,107.62
10/07/2014,LTCUSD,3.73,3.76,3.73,3.76,10.56,39.66
10/06/2014,LTCUSD,3.6,3.87,3.54,3.73,19.1,71.46
10/05/2014,LTCUSD,4.24,4.24,3.53,3.6,10.18,38.74
10/04/2014,LTCUSD,4.27,4.28,4.17,4.24,30.03,126.89
10/03/2014,LTCUSD,4.18,4.37,4.18,4.27,1.48,6.41
10/02/2014,LTCUSD,4.47,4.48,4.18,4.18,64.14,283.43
10/01/2014,LTCUSD,4.34,4.47,4.34,4.47,0.2678,1.2
09/30/2014,LTCUSD,4.25,4.34,4.25,4.34,6.9,29.46
09/29/2014,LTCUSD,5,5,4.25,4.25,5.23,22.25
09/28/2014,LTCUSD,5,5,3.9,5,167.71,656.26
09/27/2014,LTCUSD,4.45,5,4.45,5,0.98,4.9
09/26/2014,LTCUSD,4.45,4.45,4.45,4.45,0.0,0.0
09/25/2014,LTCUSD,5,5,4.45,4.45,2.61,11.61
09/24/2014,LTCUSD,4.02,5,4.02,5,0.046,0.23
09/23/2014,LTCUSD,4.02,4.02,4.02,4.02,0.0,0.0
09/22/2014,LTCUSD,4.5,4.5,3.44,4.02,110.21,411.92
09/21/2014,LTCUSD,4.5,4.5,4.5,4.5,0.0,0.0
09/20/2014,LTCUSD,4.5,4.5,4.5,4.5,0.0,0.0
09/19/2014,LTCUSD,4.83,4.83,4.5,4.5,10.0,45.0
09/18/2014,LTCUSD,4.83,4.83,4.83,4.83,0.0,0.0
09/17/2014,LTCUSD,4.83,4.83,4.83,4.83,0.0,0.0
09/16/2014,LTCUSD,4.83,4.83,4.83,4.83,0.0,0.0
09/15/2014,LTCUSD,4.83,4.83,4.83,4.83,0.0,0.0
09/14/2014,LTCUSD,4.83,4.83,4.83,4.83,0.0,0.0
09/13/2014,LTCUSD,4.83,4.83,4.83,4.83,0.0,0.0
09/12/2014,LTCUSD,4.83,4.83,4.83,4.83,0.0,0.0
09/11/2014,LTCUSD,4.83,4.83,4.83,4.83,0.0,0.0
09/10/2014,LTCUSD,4.81,4.83,4.81,4.83,1.0,4.83
09/09/2014,LTCUSD,4.6,4.81,4.6,4.81,0.1,0.4805
09/08/2014,LTCUSD,4.59,4.6,4.59,4.6,143.38,659.54
09/07/2014,LTCUSD,4.68,4.68,4.59,4.59,0.1,0.4586
09/06/2014,LTCUSD,4.68,4.68,4.68,4.68,0.0,0.0
09/05/2014,LTCUSD,5,5,4.68,4.68,19.0,88.88
09/04/2014,LTCUSD,5,5,5,5,500.0,2500.0
09/03/2014,LTCUSD,5,5,5,5,0.0,0.0
09/02/2014,LTCUSD,5,5,5,5,0.0,0.0
09/01/2014,LTCUSD,5,5,5,5,7.84,39.21
08/31/2014,LTCUSD,5.05,5.05,5,5,1.16,5.79
08/30/2014,LTCUSD,5.74,5.74,5.05,5.05,1.71,8.64
08/29/2014,LTCUSD,5.74,5.74,5.74,5.74,0.0,0.0
08/28/2014,LTCUSD,5.74,5.74,5.74,5.74,0.0,0.0
08/27/2014,LTCUSD,5.74,5.74,5.74,5.74,0.0,0.0
08/26/2014,LTCUSD,5.74,5.74,5.74,5.74,0.0,0.0
08/25/2014,LTCUSD,5.74,5.74,5.74,5.74,0.0,0.0
08/24/2014,LTCUSD,5.5,5.74,5.5,5.74,0.4004,2.21
08/23/2014,LTCUSD,5.5,5.5,5.5,5.5,0.0,0.0
08/22/2014,LTCUSD,6.18,6.18,5.5,5.5,62.48,343.65
08/21/2014,LTCUSD,5.5,6.18,5.5,6.18,1.99,12.33
08/20/2014,LTCUSD,5.62,6,5.5,5.5,32.45,188.83
08/19/2014,LTCUSD,3.94,6,3.94,5.62,36.84,193.11
08/18/2014,LTCUSD,5,5,3.94,3.94,107.0,427.55
08/17/2014,LTCUSD,6.01,6.01,5,5,29.32,146.62
08/16/2014,LTCUSD,5.22,6.01,4.62,6.01,82.25,380.99
08/15/2014,LTCUSD,5.71,5.71,5.22,5.22,20.0,104.31
08/14/2014,LTCUSD,5,5.71,5,5.71,4.95,28.0
08/13/2014,LTCUSD,5.54,5.54,5,5,137.01,685.84
08/12/2014,LTCUSD,6.4,6.4,5.54,5.54,2.0,11.06
08/11/2014,LTCUSD,7.56,7.56,6.4,6.4,33.67,224.4
08/10/2014,LTCUSD,7.56,7.56,7.56,7.56,0.0,0.0
08/09/2014,LTCUSD,7.1,7.56,7.02,7.56,35.23,249.74
08/08/2014,LTCUSD,6.1,7.13,6.1,7.1,3.42,23.44
08/07/2014,LTCUSD,7.35,7.35,6.1,6.1,31.83,204.08
08/06/2014,LTCUSD,7.35,7.35,7.35,7.35,0.0,0.0
08/05/2014,LTCUSD,7.6,7.6,7.03,7.35,0.613,4.31
08/04/2014,LTCUSD,7.6,7.6,7.6,7.6,0.0,0.0
08/03/2014,LTCUSD,7.6,7.6,7.6,7.6,0.0,0.0
08/02/2014,LTCUSD,7.5,8.1,7.5,7.6,2.58,19.69
08/01/2014,LTCUSD,7.5,7.5,7.5,7.5,0.0,0.0
07/31/2014,LTCUSD,7.5,7.5,7.5,7.5,0.0,0.0
07/30/2014,LTCUSD,8.8,8.8,7.5,7.5,92.76,704.91
07/29/2014,LTCUSD,7.87,8.8,7.6,8.8,9.63,73.96
07/28/2014,LTCUSD,7.91,7.91,7.6,7.87,27.61,212.89
07/27/2014,LTCUSD,7.91,7.91,7.91,7.91,0.0,0.0
07/26/2014,LTCUSD,7.91,7.91,7.91,7.91,0.0,0.0
07/25/2014,LTCUSD,8,8,7.91,7.91,23.78,188.42
07/24/2014,LTCUSD,8.93,8.93,8,8,50.0,400.0
07/23/2014,LTCUSD,8.93,8.93,8.93,8.93,0.0,0.0
07/22/2014,LTCUSD,8.93,8.93,8.93,8.93,0.0,0.0
07/21/2014,LTCUSD,8.93,8.93,8.93,8.93,0.0,0.0
07/20/2014,LTCUSD,8.93,8.93,8.93,8.93,0.0,0.0
07/19/2014,LTCUSD,8.6,8.93,8.6,8.93,3.86,34.3
07/18/2014,LTCUSD,8.53,8.6,8.53,8.6,4.0,34.4
07/17/2014,LTCUSD,8.53,8.53,8.53,8.53,0.0,0.0
07/16/2014,LTCUSD,8.84,8.84,8.53,8.53,12.98,110.78
07/15/2014,LTCUSD,8.84,8.84,8.84,8.84,0.0,0.0
07/14/2014,LTCUSD,7.69,10,7.69,8.84,0.704,6.33
07/13/2014,LTCUSD,7.69,7.69,7.69,7.69,0.0,0.0
07/12/2014,LTCUSD,7.69,7.69,7.69,7.69,0.0,0.0
07/11/2014,LTCUSD,8.19,8.19,7.69,7.69,1.0,7.72
07/10/2014,LTCUSD,8.19,8.19,8.19,8.19,0.0,0.0
07/09/2014,LTCUSD,7.37,8.19,7.37,8.19,7.85,64.2
07/08/2014,LTCUSD,7.37,7.37,7.37,7.37,0.0,0.0
07/07/2014,LTCUSD,8,8,7.37,7.37,0.3716,2.74
07/06/2014,LTCUSD,8,8,8,8,0.0,0.0
07/05/2014,LTCUSD,8,8,8,8,0.0,0.0
07/04/2014,LTCUSD,8.8,8.8,8,8,50.0,400.0
07/03/2014,LTCUSD,8.82,8.82,8.8,8.8,10.0,88.04
07/02/2014,LTCUSD,9.01,9.01,8.24,8.82,13.61,113.56
07/01/2014,LTCUSD,9.12,9.12,9.01,9.01,2.0,18.05
06/30/2014,LTCUSD,9.61,9.61,8.37,9.12,52.3,441.49
06/29/2014,LTCUSD,9.61,9.61,9.61,9.61,0.0,0.0
06/28/2014,LTCUSD,9.62,9.7,9.61,9.61,17.83,171.48
06/27/2014,LTCUSD,9.29,9.62,9.29,9.62,0.005195,0.05
06/26/2014,LTCUSD,9.29,9.29,9.29,9.29,0.0,0.0
06/25/2014,LTCUSD,9.5,9.5,9.29,9.29,3.29,30.94
06/24/2014,LTCUSD,9.5,9.5,9.5,9.5,0.0,0.0
06/23/2014,LTCUSD,9.54,10,9.5,9.5,7.56,73.19
06/22/2014,LTCUSD,9.54,9.54,9.54,9.54,0.0,0.0
06/21/2014,LTCUSD,10,10,9.54,9.54,5.0,47.71
06/20/2014,LTCUSD,9.89,10,9.89,10,0.5889,5.89
06/19/2014,LTCUSD,9.5,9.89,9.5,9.89,10.94,108.15
06/18/2014,LTCUSD,9.5,9.5,9.5,9.5,0.0,0.0
06/17/2014,LTCUSD,9.84,9.84,9.5,9.5,1.1,10.43
06/16/2014,LTCUSD,9.51,9.84,9.51,9.84,2.0,19.65
06/15/2014,LTCUSD,9.89,9.89,9.51,9.51,1.08,10.25
06/14/2014,LTCUSD,10.12,10.12,9.89,9.89,1.75,17.34
06/13/2014,LTCUSD,10.03,10.12,10.03,10.12,0.2812,2.85
06/12/2014,LTCUSD,11.08,11.08,10.03,10.03,1.63,17.46
06/11/2014,LTCUSD,11.19,11.19,11.08,11.08,7.46,82.68
06/10/2014,LTCUSD,11.08,11.19,11.08,11.19,41.98,465.18
06/09/2014,LTCUSD,11.44,11.44,11.08,11.08,9.08,100.63
06/08/2014,LTCUSD,11.46,11.46,11.05,11.44,17.92,201.44
06/07/2014,LTCUSD,11.46,11.46,11.46,11.46,0.0,0.0
06/06/2014,LTCUSD,11.36,11.46,11.36,11.46,38.0,435.41
06/05/2014,LTCUSD,11.14,11.36,10.96,11.36,100.56,1137.89
06/04/2014,LTCUSD,11.17,11.63,10.8,11.14,619.77,6953.62
06/03/2014,LTCUSD,11.51,11.6,11.17,11.17,104.04,1195.51
06/02/2014,LTCUSD,11.12,11.63,10.63,11.51,184.73,2112.89
06/01/2014,LTCUSD,11.08,11.46,11.08,11.12,52.55,593.77
05/31/2014,LTCUSD,11.23,11.43,11.08,11.08,10.91,123.86
05/30/2014,LTCUSD,11.28,11.37,10.69,11.23,41.22,456.96
05/29/2014,LTCUSD,10.92,11.28,10.92,11.28,8.6,97.05
05/28/2014,LTCUSD,12,12,10.92,10.92,63.89,707.05
05/27/2014,LTCUSD,12.04,12.7,11.43,12,56.47,680.61
05/26/2014,LTCUSD,11.8,12.04,11.6,12.04,16.46,193.0
05/25/2014,LTCUSD,11.27,12.01,11.27,11.8,56.67,669.37
05/24/2014,LTCUSD,11.27,11.27,11.27,11.27,0.0,0.0
05/23/2014,LTCUSD,10.88,12.06,9.56,11.27,110.2,1257.02
05/22/2014,LTCUSD,10.75,11.07,10.6,10.88,70.14,760.98
05/21/2014,LTCUSD,10.86,10.86,10.75,10.75,0.6945,7.47
05/20/2014,LTCUSD,10.31,11.05,10.31,10.86,117.98,1255.2
05/19/2014,LTCUSD,10.15,10.31,10.15,10.31,0.03204,0.3302
05/18/2014,LTCUSD,10.15,10.15,10.15,10.15,0.0,0.0
05/17/2014,LTCUSD,10.65,10.65,10.15,10.15,0.5224,5.3
05/16/2014,LTCUSD,10.35,10.65,10.35,10.65,0.09276,0.985
05/15/2014,LTCUSD,10.4,10.4,10.35,10.35,5.77,59.72
05/14/2014,LTCUSD,10.36,10.45,10.36,10.4,6.08,63.18
05/13/2014,LTCUSD,10.46,10.46,10.35,10.36,28.3,293.68
05/12/2014,LTCUSD,10.34,10.67,10.34,10.46,132.6,1388.89
05/11/2014,LTCUSD,10.8,10.8,10.34,10.34,121.29,1263.29
05/10/2014,LTCUSD,9.89,11.02,9.89,10.8,19.14,207.04
05/09/2014,LTCUSD,10.77,11.03,9.89,9.89,55.23,592.06
05/08/2014,LTCUSD,10.7,11.11,10.7,10.77,20.0,218.71
05/07/2014,LTCUSD,10.56,10.87,10.47,10.7,25.06,264.68
05/06/2014,LTCUSD,10.29,10.71,10.11,10.56,58.56,611.16
05/05/2014,LTCUSD,10.5,11.27,10.29,10.29,14.38,150.37
05/04/2014,LTCUSD,10.39,10.58,10.33,10.5,50.42,523.46
05/03/2014,LTCUSD,10.78,10.96,10.38,10.39,64.92,692.34
05/02/2014,LTCUSD,11.3,11.3,10.72,10.78,103.92,1137.37
05/01/2014,LTCUSD,11.11,11.42,11.04,11.3,35.13,388.98
04/30/2014,LTCUSD,10.56,11.19,10.54,11.11,338.83,3605.18
04/29/2014,LTCUSD,10.4,10.72,10.29,10.56,67.11,703.78
04/28/2014,LTCUSD,10.31,10.59,9.98,10.4,81.57,829.7
04/27/2014,LTCUSD,10.8,11.48,10.31,10.31,63.72,682.13
04/26/2014,LTCUSD,11.14,11.14,10.8,10.8,71.69,792.65
04/25/2014,LTCUSD,12.88,12.88,11.14,11.14,182.59,2124.58
04/24/2014,LTCUSD,12.18,12.88,12.08,12.88,5.41,66.08
04/23/2014,LTCUSD,5,12.65,5,12.18,0.8437,10.5
04/22/2014,LTCUSD,12.73,12.73,5,5,26.48,192.43
04/21/2014,LTCUSD,12.73,12.91,12.73,12.73,0.7193,9.26
04/20/2014,LTCUSD,12.77,13.48,12.73,12.73,13.72,184.85
04/19/2014,LTCUSD,12.57,12.77,12.24,12.77,25.65,320.03
04/18/2014,LTCUSD,13.15,13.15,12.06,12.57,22.65,283.97
04/17/2014,LTCUSD,13.38,13.38,13.15,13.15,4.14,54.43
04/16/2014,LTCUSD,12.94,13.72,12.49,13.38,52.24,694.52
04/15/2014,LTCUSD,11.99,13.23,10.2,12.94,209.55,2544.48
04/14/2014,LTCUSD,10.35,11.99,10.35,11.99,74.82,839.43
04/13/2014,LTCUSD,11.32,11.43,10.25,10.35,50.2,522.51
04/12/2014,LTCUSD,11,11.77,11,11.32,14.97,171.96
04/11/2014,LTCUSD,9.13,11,9.13,11,120.23,1172.51
04/10/2014,LTCUSD,11.87,11.87,9.12,9.13,168.61,1665.08
04/09/2014,LTCUSD,12,12,11.38,11.87,1.94,22.49
04/08/2014,LTCUSD,11.95,12,11.79,12,18.11,214.0
04/07/2014,LTCUSD,11.39,11.96,11.39,11.95,3.56,41.64
04/06/2014,LTCUSD,11.2,11.95,11.2,11.39,13.06,150.41
04/05/2014,LTCUSD,11.66,11.66,11.2,11.2,111.38,1260.89
04/04/2014,LTCUSD,11.5,11.92,11.31,11.66,22.51,259.73
04/03/2014,LTCUSD,11.94,11.94,11,11.5,205.27,2370.02
04/02/2014,LTCUSD,13.41,13.81,11.44,11.94,33.23,422.04
04/01/2014,LTCUSD,12.74,13.66,12.74,13.41,10.95,146.92
03/31/2014,LTCUSD,12.75,13.77,12.74,12.74,44.15,572.07
03/30/2014,LTCUSD,14.3,14.3,12.75,12.75,23.06,297.67
03/29/2014,LTCUSD,14,14.77,14,14.3,29.52,424.73
03/28/2014,LTCUSD,13.94,15.59,13.94,14,47.09,689.98
03/27/2014,LTCUSD,16.96,16.96,13.94,13.94,193.53,2948.08
03/26/2014,LTCUSD,16.72,16.96,16.03,16.96,245.97,4023.5
03/25/2014,LTCUSD,16.12,16.72,15.89,16.72,158.3,2575.44
03/24/2014,LTCUSD,15.49,17.28,15.27,16.12,57.05,903.54
03/23/2014,LTCUSD,15.49,15.49,15.49,15.49,0.0,0.0
03/22/2014,LTCUSD,16.21,16.21,15.3,15.49,336.5,5198.26
03/21/2014,LTCUSD,16.89,17.49,16.21,16.21,56.01,936.32
03/20/2014,LTCUSD,18.1,18.1,16.31,16.89,128.31,2245.65
03/19/2014,LTCUSD,20,20.5,18.1,18.1,159.86,3035.9
03/18/2014,LTCUSD,17.89,20,17.2,20,261.01,4806.41
03/17/2014,LTCUSD,17.18,17.9,17.18,17.89,20.2,359.34
03/16/2014,LTCUSD,17.16,17.9,17.16,17.18,6.84,120.9
03/15/2014,LTCUSD,17,17.74,16.87,17.16,7.01,119.24
03/14/2014,LTCUSD,17.78,17.84,17,17,17.02,298.11
03/13/2014,LTCUSD,17.75,17.78,17,17.78,44.09,781.22
03/12/2014,LTCUSD,16.22,17.77,16.22,17.75,200.96,3535.41
03/11/2014,LTCUSD,16.21,16.7,16.21,16.22,1.67,27.6
03/10/2014,LTCUSD,16.16,16.7,15.98,16.21,132.54,2181.22
03/09/2014,LTCUSD,15.56,16.97,15.56,16.16,56.39,918.2
03/08/2014,LTCUSD,16.89,16.89,15.56,15.56,4.39,69.49
03/07/2014,LTCUSD,16.82,16.89,16.43,16.89,73.27,1205.51
03/06/2014,LTCUSD,17.34,17.5,16.82,16.82,45.89,784.55
03/05/2014,LTCUSD,17.11,18.03,15.01,17.34,61.57,980.83
03/04/2014,LTCUSD,14.24,19.9,14.24,17.11,465.21,8051.45
03/03/2014,LTCUSD,12.86,15.49,12.86,14.24,152.66,2202.59
03/02/2014,LTCUSD,13.54,13.54,12.86,12.86,9.08,117.59
03/01/2014,LTCUSD,15.05,15.05,13.54,13.54,18.42,258.36
02/28/2014,LTCUSD,14.84,15.05,14,15.05,157.17,2299.25
02/27/2014,LTCUSD,15.85,15.85,14.58,14.84,139.35,2076.86
02/26/2014,LTCUSD,14.42,16.61,14.13,15.85,628.95,9671.61
02/25/2014,LTCUSD,15.22,15.22,11.13,14.42,654.62,8630.86
02/24/2014,LTCUSD,15,15.93,14.21,15.22,121.65,1859.84
02/23/2014,LTCUSD,13.32,16.62,13.32,15,104.95,1700.96
02/22/2014,LTCUSD,14.89,15.63,13.32,13.32,31.54,461.13
02/21/2014,LTCUSD,15.95,15.95,14.34,14.89,118.62,1798.45
02/20/2014,LTCUSD,15.83,17.2,14.35,15.95,234.94,3719.94
02/19/2014,LTCUSD,17.28,17.41,15.81,15.83,8.17,134.4
02/18/2014,LTCUSD,15.76,17.28,15.63,17.28,52.57,900.07
02/17/2014,LTCUSD,15.23,15.76,15.23,15.76,25.29,385.79
02/16/2014,LTCUSD,16.28,16.28,15.23,15.23,11.69,178.08
02/15/2014,LTCUSD,16.76,16.76,16.28,16.28,1.4,22.79
02/14/2014,LTCUSD,16.42,16.84,14.37,16.76,86.08,1355.13
02/13/2014,LTCUSD,19.49,19.49,16.38,16.42,181.79,2990.39
02/12/2014,LTCUSD,16.3,19.49,16.3,19.49,28.01,490.32
02/11/2014,LTCUSD,17.9,19.69,15.7,16.3,344.18,5492.58
02/10/2014,LTCUSD,18.7,19.71,14,17.9,324.18,5163.63
02/09/2014,LTCUSD,17.5,19.81,17,18.7,94.26,1765.1
02/08/2014,LTCUSD,18.89,20.29,17.5,17.5,176.42,3356.29
02/07/2014,LTCUSD,19.8,20,17.2,18.89,101.31,1864.81
02/06/2014,LTCUSD,21.2,21.55,19.8,19.8,51.12,1040.26
02/05/2014,LTCUSD,21.07,21.7,21,21.2,151.92,3208.53
02/04/2014,LTCUSD,21.41,21.65,21.01,21.07,65.97,1399.25
02/03/2014,LTCUSD,21.87,21.87,21.41,21.41,3.63,78.3
02/02/2014,LTCUSD,21.46,21.87,21.46,21.87,11.26,246.2
02/01/2014,LTCUSD,21.59,22.66,21.3,21.46,32.25,703.46
01/31/2014,LTCUSD,20.72,21.61,20.72,21.59,52.26,1109.19
01/30/2014,LTCUSD,21.7,21.99,20.62,20.72,9.14,190.35
01/29/2014,LTCUSD,22.88,22.88,20.63,21.7,100.49,2131.67
01/28/2014,LTCUSD,20.78,23,20.29,22.88,81.21,1833.9
01/27/2014,LTCUSD,22.34,23.5,20.78,20.78,443.6,9919.93
01/26/2014,LTCUSD,22.26,24,22,22.34,319.66,7269.52
01/25/2014,LTCUSD,21.05,22.35,20.29,22.26,136.44,2899.2
01/24/2014,LTCUSD,22.3,22.89,20.5,21.05,285.06,6188.42
01/23/2014,LTCUSD,23,23.73,22.3,22.3,125.27,2821.68
01/22/2014,LTCUSD,25.49,25.49,22.39,23,53.46,1259.7
01/21/2014,LTCUSD,24.28,25.5,23.5,25.49,168.54,4143.67
01/20/2014,LTCUSD,24.9,24.9,24.28,24.28,21.2,519.71
01/19/2014,LTCUSD,24.94,24.94,23.35,24.9,13.63,320.59
01/18/2014,LTCUSD,24,24.99,23.5,24.94,518.55,12878.59
01/17/2014,LTCUSD,24.01,24.99,23.27,24,101.41,2426.34
01/16/2014,LTCUSD,24.52,25.37,24.01,24.01,71.97,1748.23
01/15/2014,LTCUSD,24.52,25.47,24.39,24.52,19.19,471.28
01/14/2014,LTCUSD,25.01,25.01,24,24.52,8.85,213.29
01/13/2014,LTCUSD,25.39,26.31,24,25.01,823.56,20878.49
01/12/2014,LTCUSD,26.35,26.45,24,25.39,86.59,2208.84
01/11/2014,LTCUSD,24.06,27.62,24.06,26.35,76.86,2015.33
01/10/2014,LTCUSD,24.5,25.79,24,24.06,35.93,885.85
01/09/2014,LTCUSD,24.9,25.79,24,24.5,15.93,393.2
01/08/2014,LTCUSD,23,26,22.19,24.9,239.07,5690.11
01/07/2014,LTCUSD,28.7,29.71,23,23,364.33,9318.1
01/06/2014,LTCUSD,26.01,31.26,22.23,28.7,455.47,12995.74
01/05/2014,LTCUSD,24.05,27,24.05,26.01,611.0,16138.62
01/04/2014,LTCUSD,25.49,25.49,24.05,24.05,17.32,417.81
01/03/2014,LTCUSD,26.6,26.6,24.1,25.49,32.6,807.61
01/02/2014,LTCUSD,24.77,26.6,23.88,26.6,192.65,4818.29
01/01/2014,LTCUSD,23.55,25,23.55,24.77,84.96,2048.27
12/31/2013,LTCUSD,24.96,24.98,23.55,23.55,12.77,315.99
12/30/2013,LTCUSD,24.51,25.18,23.16,24.96,187.11,4646.3
12/29/2013,LTCUSD,22.33,24.51,22.32,24.51,39.77,928.64
12/28/2013,LTCUSD,22.06,23.33,22.06,22.33,12.11,270.87
12/27/2013,LTCUSD,24.97,24.97,22,22.06,317.59,7416.26
12/26/2013,LTCUSD,22.06,25,21.9,24.97,1008.08,24203.98
12/25/2013,LTCUSD,18,22.06,17.5,22.06,310.75,5994.88
12/24/2013,LTCUSD,17.2,18,17.2,18,53.75,944.91
12/23/2013,LTCUSD,18,18.74,16.73,17.2,229.36,4050.06
12/22/2013,LTCUSD,17.13,19.01,17.13,18,133.66,2413.68
12/21/2013,LTCUSD,18.85,18.85,17.13,17.13,9.36,169.56
12/20/2013,LTCUSD,19.8,22,17.22,18.85,59.73,1168.64
12/19/2013,LTCUSD,13,20,13,19.8,41.36,781.76
12/18/2013,LTCUSD,23.74,23.74,8.48,13,1001.01,14485.93
12/17/2013,LTCUSD,25.77,29,20.01,23.74,223.59,5200.48
12/16/2013,LTCUSD,30.92,32.13,25,25.77,123.09,3419.23
12/15/2013,LTCUSD,30.01,31.8,29.15,30.92,251.9,7727.67
12/14/2013,LTCUSD,30.59,32.39,30.01,30.01,114.72,3515.69
12/13/2013,LTCUSD,31,33,30.01,30.59,127.04,3919.76
12/12/2013,LTCUSD,31.57,32.93,30.98,31,46.32,1459.21
12/11/2013,LTCUSD,35.26,35.26,28.78,31.57,428.65,13797.23
12/10/2013,LTCUSD,31.98,36.6,31.98,35.26,215.22,7327.32
12/09/2013,LTCUSD,27.93,32.59,27,31.98,116.9,3602.87
12/08/2013,LTCUSD,22.78,28.4,22.78,27.93,77.34,2092.79
12/07/2013,LTCUSD,32,32,11,22.78,334.46,7637.81
12/06/2013,LTCUSD,38,39.2,32,32,200.96,7020.76
12/05/2013,LTCUSD,32.2,42.99,29,38,700.64,24291.88
12/04/2013,LTCUSD,33,43,31,32.2,571.7,20974.84
12/03/2013,LTCUSD,33.51,36.4,32,33,208.13,7169.14
12/02/2013,LTCUSD,35.3,40.5,29.8,33.51,103.24,3620.97
12/01/2013,LTCUSD,41,41.21,24.48,35.3,50.11,1676.31
11/30/2013,LTCUSD,41,48,38,41,148.71,6048.13
11/29/2013,LTCUSD,46.1,50,30.2,41,292.59,11730.18
11/28/2013,LTCUSD,35.99,65,35.99,46.1,242.02,13001.19
11/27/2013,LTCUSD,20.5,50,20.5,35.99,457.22,14864.46
11/26/2013,LTCUSD,12,20.5,11,20.5,504.89,7634.59
11/25/2013,LTCUSD,10,14,10,12,183.41,2328.81
11/24/2013,LTCUSD,12.8,13.8,10,10,7.62,96.56
11/23/2013,LTCUSD,10,14.5,10,12.8,2577.36,32377.01
11/22/2013,LTCUSD,9,11,9,10,63.81,658.15
11/21/2013,LTCUSD,9,9,9,9,94.53,850.74
11/20/2013,LTCUSD,9,9,9,9,2.47,22.26
11/19/2013,LTCUSD,5,10,5,9,29.14,272.36
11/18/2013,LTCUSD,4.25,5,4.25,5,5.0,25.0
11/17/2013,LTCUSD,4.25,4.25,4.25,4.25,0.0,0.0
11/16/2013,LTCUSD,5,5,4.25,4.25,5.07,21.54
11/15/2013,LTCUSD,3,5,3,5,10.06,50.3
11/14/2013,LTCUSD,5,5,3,3,12.0,38.0
11/13/2013,LTCUSD,3.2,5,3.2,5,225.75,1128.77
11/12/2013,LTCUSD,3.2,3.2,3.2,3.2,0.0,0.0
11/11/2013,LTCUSD,3.2,3.2,3.2,3.2,0.0,0.0
11/10/2013,LTCUSD,3.2,3.2,3.2,3.2,0.0,0.0
11/09/2013,LTCUSD,3.2,3.2,3.2,3.2,0.0,0.0
11/08/2013,LTCUSD,3.2,3.2,3.2,3.2,0.8219,2.63
11/07/2013,LTCUSD,3,3.2,3,3.2,9.0,28.8
11/06/2013,LTCUSD,3,3,3,3,0.0,0.0
11/05/2013,LTCUSD,3,3,3,3,0.0,0.0
11/04/2013,LTCUSD,3,3,3,3,7.27,21.81
11/03/2013,LTCUSD,3,3,3,3,0.0,0.0
11/02/2013,LTCUSD,3,3,3,3,0.0,0.0
11/01/2013,LTCUSD,3,3,3,3,0.0,0.0
10/31/2013,LTCUSD,3,3,3,3,0.0,0.0
10/30/2013,LTCUSD,3,3,3,3,0.0,0.0
10/29/2013,LTCUSD,3,3,3,3,0.0,0.0
10/28/2013,LTCUSD,3,3,3,3,0.0,0.0
10/27/2013,LTCUSD,3,3,3,3,0.0,0.0
10/26/2013,LTCUSD,3,3,3,3,0.0,0.0
10/25/2013,LTCUSD,3,3,3,3,0.0,0.0
10/24/2013,LTCUSD,3,3,3,3,2.71,8.12
